Test Account 51,XXXXX-1232-58,HeldAway,TaxableRetirement,553845.0015622219,1ffdcff5-f052-4619-8d33-b5a95bf09448,2018-05-11T22:55:01.618Z,5490218f-2bd5-4419-aa40-f86d9ce3a3c3,5,a804e826-65a1-4089-84c9-c44f60e3c4c4
Test Account 93,XXXXX-1232-98,HeldAway,TaxableRetirement,376215.9108411793,1ffdcff5-f052-4619-8d33-b5a95bf09448,2018-05-11T22:55:01.619Z,5490218f-2bd5-4419-aa40-f86d9ce3a3c3,5,a291db2d-a8eb-4e9f-ae6d-7c60969b9eab
Test Account 47,XXXXX-1232-91,HeldAway,TaxableRetirement,295940.85031457705,1ffdcff5-f052-4619-8d33-b5a95bf09448,2018-05-11T22:55:01.620Z,513aea28-5e75-4379-a998-01fdb5e932a8,5,44a04347-4a3b-473d-b3f8-d43bf2c5d0cc
Test Account 16,XXXXX-1232-34,HeldAway,TaxableRetirement,619254.2564111538,1ffdcff5-f052-4619-8d33-b5a95bf09448,2018-05-11T22:55:01.620Z,513aea28-5e75-4379-a998-01fdb5e932a8,5,574af9eb-06ce-4e61-a192-cedc9b3fff39
Test Account 52,XXXXX-1232-56,HeldAway,TaxableRetirement,860496.9311670023,c157f342-019e-482b-88ed-d25a1f7a4972,2018-05-11T22:55:02.564Z,c1d240ad-156f-4789-8e3c-c3e2f253bd23,5,57462e63-019e-42c3-9fa1-d2403551cbac
Test Account 81,XXXXX-1232-82,HeldAway,TaxableRetirement,28913.80957920464,c157f342-019e-482b-88ed-d25a1f7a4972,2018-05-11T22:55:02.564Z,c1d240ad-156f-4789-8e3c-c3e2f253bd23,5,48e0d617-e1ed-44c6-ba14-8e5de96b016c
Test Account 62,XXXXX-1232-17,HeldAway,TaxableRetirement,495552.9636790078,c157f342-019e-482b-88ed-d25a1f7a4972,2018-05-11T22:55:02.565Z,5051372e-f32d-4fde-ace8-751fb7b4de30,5,412d245a-2ee4-42c4-8822-3f7bd43c352f
Test Account 25,XXXXX-1232-79,HeldAway,TaxableRetirement,448563.47876142943,c157f342-019e-482b-88ed-d25a1f7a4972,2018-05-11T22:55:02.565Z,5051372e-f32d-4fde-ace8-751fb7b4de30,5,70c33dea-1910-46f7-b5ee-2d276e5d4c3e
Test Account 79,XXXXX-1232-55,HeldAway,TaxableRetirement,596749.0801032191,2ac5fdc0-34a5-4ed9-aea7-1de47dd20507,2018-05-11T22:55:02.585Z,a4493d60-dabc-4253-84f5-7b2f1ba027b5,5,42934071-be16-4964-9110-6257cf8e44c9
Test Account 61,XXXXX-1232-41,HeldAway,TaxableRetirement,23604.88553092832,2ac5fdc0-34a5-4ed9-aea7-1de47dd20507,2018-05-11T22:55:02.586Z,a4493d60-dabc-4253-84f5-7b2f1ba027b5,5,4dc0adcc-c465-47ec-a0c5-c02650c94818
Test Account 49,XXXXX-1232-90,HeldAway,TaxableRetirement,945873.9252116525,2ac5fdc0-34a5-4ed9-aea7-1de47dd20507,2018-05-11T22:55:02.586Z,171e36cb-91a7-44a2-a77a-98d998d7696b,5,2ffb826e-956e-47c7-8f50-b1126b49486d
Test Account 19,XXXXX-1232-53,HeldAway,TaxableRetirement,214154.69058172833,2ac5fdc0-34a5-4ed9-aea7-1de47dd20507,2018-05-11T22:55:02.586Z,171e36cb-91a7-44a2-a77a-98d998d7696b,5,ef8facd9-89c7-410e-b137-5753067bd0fb
Test Account 61,XXXXX-1232-29,HeldAway,TaxableRetirement,204060.5192433187,dadb70bc-8ab5-4a36-9b7b-552c975289f0,2018-05-11T22:55:02.604Z,98e082a5-9245-4a5b-bc81-ce154898a715,5,41cc7648-57e2-4e3f-9dc9-323b170d2086
Test Account 64,XXXXX-1232-15,HeldAway,TaxableRetirement,75091.47081867773,dadb70bc-8ab5-4a36-9b7b-552c975289f0,2018-05-11T22:55:02.604Z,98e082a5-9245-4a5b-bc81-ce154898a715,5,abc69a13-5b3e-42e9-970e-5072cb14b17a
Test Account 95,XXXXX-1232-28,HeldAway,TaxableRetirement,393601.90205418656,dadb70bc-8ab5-4a36-9b7b-552c975289f0,2018-05-11T22:55:02.604Z,5ed8dbdf-a062-43b6-bf44-2d3f0883e6b4,5,432371d4-830b-4781-9c54-0ed7a205a18a
Test Account 65,XXXXX-1232-19,HeldAway,TaxableRetirement,166717.89732267428,dadb70bc-8ab5-4a36-9b7b-552c975289f0,2018-05-11T22:55:02.604Z,5ed8dbdf-a062-43b6-bf44-2d3f0883e6b4,5,4f3abec5-49ac-49ab-9ae2-8a198ce2743d
Test Account 4,XXXXX-1232-76,HeldAway,TaxableRetirement,753420.0137093506,8e7f888b-6af4-4908-9492-954cbff1e8ad,2018-05-11T22:55:02.621Z,35b354f4-0da3-4641-be6b-a5d5f680567e,5,ab564fee-f077-40a7-a0f5-2c0230db7999
Test Account 8,XXXXX-1232-5,HeldAway,TaxableRetirement,745450.5522907362,8e7f888b-6af4-4908-9492-954cbff1e8ad,2018-05-11T22:55:02.621Z,35b354f4-0da3-4641-be6b-a5d5f680567e,5,d586f714-bd02-44b4-88f8-74d039387f14
Test Account 59,XXXXX-1232-68,HeldAway,TaxableRetirement,242787.57376596326,8e7f888b-6af4-4908-9492-954cbff1e8ad,2018-05-11T22:55:02.621Z,3c644705-dd35-49a6-9fc5-ccbd3ce40bc1,5,b94c71c0-d2db-4cda-b7ef-91a8ca2e1a02
Test Account 23,XXXXX-1232-89,HeldAway,TaxableRetirement,435547.96330661396,8e7f888b-6af4-4908-9492-954cbff1e8ad,2018-05-11T22:55:02.621Z,3c644705-dd35-49a6-9fc5-ccbd3ce40bc1,5,2362a274-632e-42bd-8e2e-5b660b71038c
Test Account 53,XXXXX-1232-93,HeldAway,TaxableRetirement,755330.983845031,348f37bc-e7d9-4152-993c-d179f4c51921,2018-05-11T22:55:02.636Z,479c08b1-0885-45ed-824b-eba236c422dc,5,a6912980-9ebd-439f-b4e2-00c5250d4840
Test Account 73,XXXXX-1232-85,HeldAway,TaxableRetirement,183195.39390632743,348f37bc-e7d9-4152-993c-d179f4c51921,2018-05-11T22:55:02.636Z,479c08b1-0885-45ed-824b-eba236c422dc,5,feb2b5b4-3143-408e-9415-eb095f7152a2
Test Account 26,XXXXX-1232-14,HeldAway,TaxableRetirement,396512.0736254236,348f37bc-e7d9-4152-993c-d179f4c51921,2018-05-11T22:55:02.637Z,dec93401-4f7b-4b7a-aa0e-0e95b8fafba3,5,d7321a72-ec3b-46b0-ad15-e52e00e2c2e1
Test Account 18,XXXXX-1232-44,HeldAway,TaxableRetirement,706524.8649318193,348f37bc-e7d9-4152-993c-d179f4c51921,2018-05-11T22:55:02.637Z,dec93401-4f7b-4b7a-aa0e-0e95b8fafba3,5,2fec7172-9632-4bbe-b7e8-af59e65f5e4d
Test Account 57,XXXXX-1232-55,HeldAway,TaxableRetirement,237154.38122450706,3fd95582-63be-4be9-9ec4-082d159f9b8f,2018-05-11T22:55:02.651Z,762146d4-e5b4-4081-8775-861a6505cbfe,5,cdac15dd-f4fb-4000-b6a2-ba03cdbd4447
Test Account 87,XXXXX-1232-19,HeldAway,TaxableRetirement,635049.2589280668,3fd95582-63be-4be9-9ec4-082d159f9b8f,2018-05-11T22:55:02.651Z,762146d4-e5b4-4081-8775-861a6505cbfe,5,1fd6e758-8329-4f05-a51a-49c1aa8becd9
Test Account 34,XXXXX-1232-39,HeldAway,TaxableRetirement,919721.5047185863,3fd95582-63be-4be9-9ec4-082d159f9b8f,2018-05-11T22:55:02.651Z,02c8a4a2-c12a-439f-9dbe-c08853892e28,5,dc8270fc-b0b2-4ddb-ae6e-41ee15fbb701
Test Account 50,XXXXX-1232-39,HeldAway,TaxableRetirement,76083.39518275754,3fd95582-63be-4be9-9ec4-082d159f9b8f,2018-05-11T22:55:02.651Z,02c8a4a2-c12a-439f-9dbe-c08853892e28,5,0fea4d9f-89ea-4e32-830f-cdf5a2eacbad
Test Account 75,XXXXX-1232-43,HeldAway,TaxableRetirement,627449.480457455,a1fe1408-4d9d-4b44-9fcc-cac8cc8a1266,2018-05-11T22:55:02.664Z,487ab353-ed53-4ea1-bd71-9136ffdcf54b,5,0d9da13e-06ad-4619-ab81-d2448edb0cfe
Test Account 83,XXXXX-1232-93,HeldAway,TaxableRetirement,150523.13906593018,a1fe1408-4d9d-4b44-9fcc-cac8cc8a1266,2018-05-11T22:55:02.664Z,487ab353-ed53-4ea1-bd71-9136ffdcf54b,5,ad3b7738-ab76-4e54-8318-5bf51431e957
Test Account 15,XXXXX-1232-63,HeldAway,TaxableRetirement,613663.0170832352,a1fe1408-4d9d-4b44-9fcc-cac8cc8a1266,2018-05-11T22:55:02.664Z,0308b5cf-852d-4631-a9c4-744085fa557b,5,e55d8c76-700a-46ad-9664-afe243ddc9ca
Test Account 23,XXXXX-1232-4,HeldAway,TaxableRetirement,817786.1446099995,a1fe1408-4d9d-4b44-9fcc-cac8cc8a1266,2018-05-11T22:55:02.664Z,0308b5cf-852d-4631-a9c4-744085fa557b,5,fbbb6355-4954-4c17-87e5-34d9bf8c24d2
Test Account 39,XXXXX-1232-47,HeldAway,TaxableRetirement,691542.4898745009,839ce603-9140-4f58-ae04-55857d298e04,2018-05-11T22:55:02.677Z,1094b465-e165-40a9-b380-16ac3b8c0c52,5,8085acec-af8a-47c5-8d69-84f20670adb0
Test Account 20,XXXXX-1232-74,HeldAway,TaxableRetirement,467531.0858150659,839ce603-9140-4f58-ae04-55857d298e04,2018-05-11T22:55:02.677Z,1094b465-e165-40a9-b380-16ac3b8c0c52,5,7eb24dd8-8876-4a6f-beb4-6dff706da767
Test Account 17,XXXXX-1232-36,HeldAway,TaxableRetirement,927323.2177969533,839ce603-9140-4f58-ae04-55857d298e04,2018-05-11T22:55:02.677Z,41a6cc0f-b362-4810-a1ff-b0fc2e745b46,5,edbe7879-cfe0-4df5-9f7a-d1110db9398e
Test Account 64,XXXXX-1232-68,HeldAway,TaxableRetirement,434872.21829196165,839ce603-9140-4f58-ae04-55857d298e04,2018-05-11T22:55:02.677Z,41a6cc0f-b362-4810-a1ff-b0fc2e745b46,5,fe9cc0be-3ec4-4d42-8d9a-91cd004d5a0d
Test Account 93,XXXXX-1232-15,HeldAway,TaxableRetirement,212672.99958211926,2acf879f-d961-4a6c-81a7-bd3bfa898413,2018-05-11T22:55:02.689Z,c454b901-3088-4cfc-9fc7-c032196c96f5,5,1d4bbcb7-e0eb-4b31-8370-6c7cca749a0d
Test Account 65,XXXXX-1232-35,HeldAway,TaxableRetirement,794087.3197825719,2acf879f-d961-4a6c-81a7-bd3bfa898413,2018-05-11T22:55:02.689Z,c454b901-3088-4cfc-9fc7-c032196c96f5,5,0cc499fc-426f-468e-83f8-4c9faa86dc13
Test Account 69,XXXXX-1232-72,HeldAway,TaxableRetirement,490470.70672195824,2acf879f-d961-4a6c-81a7-bd3bfa898413,2018-05-11T22:55:02.689Z,854b0d8b-b216-4d43-9068-be66ca5510b7,5,81c157dc-a998-4f29-8ecd-0188642a08b1
Test Account 71,XXXXX-1232-54,HeldAway,TaxableRetirement,327712.11505479435,2acf879f-d961-4a6c-81a7-bd3bfa898413,2018-05-11T22:55:02.689Z,854b0d8b-b216-4d43-9068-be66ca5510b7,5,13a80731-937a-4fa6-b748-e06bd2e9c189
Test Account 22,XXXXX-1232-35,HeldAway,TaxableRetirement,251124.75228423649,e5d65d48-b172-42e5-8774-f3683816233a,2018-05-11T22:55:02.698Z,4a1f401d-a896-4a0f-9805-e1bed004a3ce,5,4b7a5aa0-12fa-4dbd-8863-b606cc01420a
Test Account 34,XXXXX-1232-43,HeldAway,TaxableRetirement,38278.188195519426,e5d65d48-b172-42e5-8774-f3683816233a,2018-05-11T22:55:02.698Z,4a1f401d-a896-4a0f-9805-e1bed004a3ce,5,89b34b84-b87e-4063-8fd8-b3b36be64d6a
Test Account 23,XXXXX-1232-29,HeldAway,TaxableRetirement,424377.46785316645,e5d65d48-b172-42e5-8774-f3683816233a,2018-05-11T22:55:02.698Z,b289bf46-3849-490d-a2a3-c4416527212a,5,fe9aa184-6ad3-4173-b638-76d77678455c
Test Account 1,XXXXX-1232-98,HeldAway,TaxableRetirement,160782.44239123262,e5d65d48-b172-42e5-8774-f3683816233a,2018-05-11T22:55:02.698Z,b289bf46-3849-490d-a2a3-c4416527212a,5,04450f5e-59a5-4680-826f-d908d222c710
Test Account 20,XXXXX-1232-52,HeldAway,TaxableRetirement,589296.9587233724,3a077e33-067e-4aff-b455-1c501feeb9b0,2018-05-11T22:55:02.706Z,e3a77c58-b308-4d54-95c3-6ea16e1ee40e,5,9c18facb-fa47-4048-833e-1b8a6e213d78
Test Account 40,XXXXX-1232-5,HeldAway,TaxableRetirement,159815.72558250857,3a077e33-067e-4aff-b455-1c501feeb9b0,2018-05-11T22:55:02.706Z,e3a77c58-b308-4d54-95c3-6ea16e1ee40e,5,4579294c-ab6e-4e66-a596-d73795eff9b7
Test Account 15,XXXXX-1232-30,HeldAway,TaxableRetirement,295055.62238169013,3a077e33-067e-4aff-b455-1c501feeb9b0,2018-05-11T22:55:02.707Z,629498e2-03e7-4ed3-b211-214b587f8b34,5,8757fd21-d274-4425-b132-e395fdb0d86c
Test Account 26,XXXXX-1232-96,HeldAway,TaxableRetirement,444589.1445952803,3a077e33-067e-4aff-b455-1c501feeb9b0,2018-05-11T22:55:02.707Z,629498e2-03e7-4ed3-b211-214b587f8b34,5,1893b4e4-0706-4300-b9b3-b5e520fab07c
Test Account 72,XXXXX-1232-79,HeldAway,TaxableRetirement,531396.5984838285,b2a7321c-4d38-4e49-82f1-7da50a0f9536,2018-05-11T22:55:02.715Z,45d05df8-b90d-4c2a-bfd5-4d626d9d63ac,5,84db191c-b53c-4981-b0c7-7dcbe81f9ad2
Test Account 1,XXXXX-1232-43,HeldAway,TaxableRetirement,285259.4573234117,b2a7321c-4d38-4e49-82f1-7da50a0f9536,2018-05-11T22:55:02.715Z,45d05df8-b90d-4c2a-bfd5-4d626d9d63ac,5,1f49519f-b2e1-4aac-9738-522b34995382
Test Account 83,XXXXX-1232-34,HeldAway,TaxableRetirement,330290.3146923307,b2a7321c-4d38-4e49-82f1-7da50a0f9536,2018-05-11T22:55:02.715Z,acc4f14b-aeb8-4674-829e-04732a90a778,5,3848d88d-e8fb-4728-b948-95b1ceb801f2
Test Account 11,XXXXX-1232-16,HeldAway,TaxableRetirement,732436.6055107164,b2a7321c-4d38-4e49-82f1-7da50a0f9536,2018-05-11T22:55:02.715Z,acc4f14b-aeb8-4674-829e-04732a90a778,5,8cfa56e4-1959-4392-b1ab-90d621ddd982
Test Account 6,XXXXX-1232-75,HeldAway,TaxableRetirement,832266.7491172664,ae71496d-87d3-428f-960a-abcd14f58a3a,2018-05-11T22:55:02.724Z,6f9879d9-12c4-4ca1-897a-bc2eceb69200,5,3006026f-a67d-4805-9d69-b57540b2e27b
Test Account 48,XXXXX-1232-95,HeldAway,TaxableRetirement,769313.4730787027,ae71496d-87d3-428f-960a-abcd14f58a3a,2018-05-11T22:55:02.724Z,6f9879d9-12c4-4ca1-897a-bc2eceb69200,5,8531fe32-4304-4275-91f5-4458e085ba11
Test Account 81,XXXXX-1232-97,HeldAway,TaxableRetirement,302579.22015825857,ae71496d-87d3-428f-960a-abcd14f58a3a,2018-05-11T22:55:02.724Z,351daf01-7848-4b99-b90a-1e20b34d017f,5,98cfe4bf-f57c-4a56-83cd-84c4a1e0c64d
Test Account 65,XXXXX-1232-32,HeldAway,TaxableRetirement,448343.28556350933,ae71496d-87d3-428f-960a-abcd14f58a3a,2018-05-11T22:55:02.724Z,351daf01-7848-4b99-b90a-1e20b34d017f,5,2b86a46d-ee19-4170-b11c-0521cdd01802
Test Account 72,XXXXX-1232-80,HeldAway,TaxableRetirement,537920.5830297029,f6386a65-52c8-4fb2-9b9e-bef7bfe3793c,2018-05-11T22:55:02.732Z,4c1a8ed1-9300-4621-9fdf-9d3171edfdb7,5,c93402a8-5667-4ac2-954d-8a888278a39c
Test Account 57,XXXXX-1232-59,HeldAway,TaxableRetirement,631537.0482039399,f6386a65-52c8-4fb2-9b9e-bef7bfe3793c,2018-05-11T22:55:02.732Z,4c1a8ed1-9300-4621-9fdf-9d3171edfdb7,5,6531e1ad-b2d5-4ffa-b047-ea132560afcc
Test Account 37,XXXXX-1232-61,HeldAway,TaxableRetirement,964404.388852431,f6386a65-52c8-4fb2-9b9e-bef7bfe3793c,2018-05-11T22:55:02.732Z,fca7472b-8192-4f96-8e45-9c57588c3f7b,5,f6d2bf1f-1456-4c6e-89cb-c1f7fa36f63f
Test Account 55,XXXXX-1232-86,HeldAway,TaxableRetirement,925375.1050401652,f6386a65-52c8-4fb2-9b9e-bef7bfe3793c,2018-05-11T22:55:02.732Z,fca7472b-8192-4f96-8e45-9c57588c3f7b,5,68e4432c-4ab5-43c2-9a5e-e9cc218ad0a9
Test Account 55,XXXXX-1232-4,HeldAway,TaxableRetirement,69541.5360678181,8ef3d466-ada8-49ca-abd6-e0a2faced746,2018-05-11T22:55:02.740Z,f80cdf0d-c798-433f-ade7-4bae5166b446,5,13e9363d-12c2-4675-b38e-652f71f7d39c
Test Account 2,XXXXX-1232-5,HeldAway,TaxableRetirement,439772.09762194956,8ef3d466-ada8-49ca-abd6-e0a2faced746,2018-05-11T22:55:02.740Z,f80cdf0d-c798-433f-ade7-4bae5166b446,5,e3f237a7-670c-462c-b44a-751f7d356b6f
Test Account 62,XXXXX-1232-63,HeldAway,TaxableRetirement,486741.6323988984,8ef3d466-ada8-49ca-abd6-e0a2faced746,2018-05-11T22:55:02.740Z,b53fcc47-d7bd-4d2a-9314-9f8fb1dd8f85,5,8aba39b4-472a-44eb-b65c-b91b73459dae
Test Account 41,XXXXX-1232-11,HeldAway,TaxableRetirement,456256.8359419354,8ef3d466-ada8-49ca-abd6-e0a2faced746,2018-05-11T22:55:02.740Z,b53fcc47-d7bd-4d2a-9314-9f8fb1dd8f85,5,25ddafc4-959f-4e6a-83d8-e3acf27e4be1
Test Account 29,XXXXX-1232-50,HeldAway,TaxableRetirement,438257.1921218906,a233be4f-5fd1-46d3-9ff7-b902656ba1f8,2018-05-11T22:55:02.747Z,62791e10-3239-4d3c-a716-35f38e07c15f,5,58de6c54-7733-4418-a429-9f2a8756f57a
Test Account 76,XXXXX-1232-79,HeldAway,TaxableRetirement,215039.02206992975,a233be4f-5fd1-46d3-9ff7-b902656ba1f8,2018-05-11T22:55:02.747Z,62791e10-3239-4d3c-a716-35f38e07c15f,5,92865f7d-23b9-4a37-8602-dd334054e521
Test Account 25,XXXXX-1232-85,HeldAway,TaxableRetirement,160032.85892735308,a233be4f-5fd1-46d3-9ff7-b902656ba1f8,2018-05-11T22:55:02.747Z,3b4b629c-82de-4bda-a697-378d09ebe83f,5,635a8616-2902-4dc3-bf00-d172ef209aef
Test Account 55,XXXXX-1232-67,HeldAway,TaxableRetirement,5768.529655681087,a233be4f-5fd1-46d3-9ff7-b902656ba1f8,2018-05-11T22:55:02.747Z,3b4b629c-82de-4bda-a697-378d09ebe83f,5,45c3d42f-8d0b-4f9a-b76b-6e1861dbd53a
Test Account 44,XXXXX-1232-83,HeldAway,TaxableRetirement,177180.55246908692,22ce7968-cc59-40a5-8686-6772834625a7,2018-05-11T22:55:02.755Z,a4a24f7c-63dc-404e-8a72-84fb855f2d2f,5,eebbf0e5-1145-44d5-81fb-4526c154dc97
Test Account 90,XXXXX-1232-27,HeldAway,TaxableRetirement,71897.27551747294,22ce7968-cc59-40a5-8686-6772834625a7,2018-05-11T22:55:02.756Z,a4a24f7c-63dc-404e-8a72-84fb855f2d2f,5,2148d4ec-1770-41af-b8bd-df3cee265b8f
Test Account 31,XXXXX-1232-48,HeldAway,TaxableRetirement,619735.2362261197,22ce7968-cc59-40a5-8686-6772834625a7,2018-05-11T22:55:02.756Z,577baf8a-1b54-4259-8042-029e95e85ab9,5,eb4a3f45-bee9-47c8-8732-623196c86c71
Test Account 0,XXXXX-1232-96,HeldAway,TaxableRetirement,968486.1279057385,22ce7968-cc59-40a5-8686-6772834625a7,2018-05-11T22:55:02.756Z,577baf8a-1b54-4259-8042-029e95e85ab9,5,1fb68027-93ee-4faa-bd41-6ff977133db0
Test Account 82,XXXXX-1232-7,HeldAway,TaxableRetirement,349078.36984939734,afd16c2d-f8c0-45e1-a03b-c9f204c67c81,2018-05-11T22:55:02.763Z,405725e2-0558-483d-ac07-4ea5d9ba5ada,5,4ef0dbc8-4b6d-4ded-bd2f-167f3f1ce5af
Test Account 41,XXXXX-1232-68,HeldAway,TaxableRetirement,504422.74600681115,afd16c2d-f8c0-45e1-a03b-c9f204c67c81,2018-05-11T22:55:02.763Z,405725e2-0558-483d-ac07-4ea5d9ba5ada,5,0a26d31b-6b02-4c2f-b3cd-60de6744dab2
Test Account 14,XXXXX-1232-40,HeldAway,TaxableRetirement,552168.6674213795,afd16c2d-f8c0-45e1-a03b-c9f204c67c81,2018-05-11T22:55:02.763Z,5d60cd64-bcf3-4e70-a0d8-8cfdafdea530,5,3bf6770f-0104-4a7a-98ed-be7e505c0e0f
Test Account 49,XXXXX-1232-0,HeldAway,TaxableRetirement,245106.97508074454,afd16c2d-f8c0-45e1-a03b-c9f204c67c81,2018-05-11T22:55:02.763Z,5d60cd64-bcf3-4e70-a0d8-8cfdafdea530,5,9765d7f7-269a-4b61-876a-1ede758e383f
Test Account 98,XXXXX-1232-81,HeldAway,TaxableRetirement,700889.4007000141,5233f4a0-15bf-41b8-aa7e-42f81d81c748,2018-05-11T22:55:02.771Z,d78b61ca-308b-4005-a882-287423b51e5b,5,1753a87a-4b38-4695-8dbd-9b327f3cf27e
Test Account 5,XXXXX-1232-74,HeldAway,TaxableRetirement,732097.3869419666,5233f4a0-15bf-41b8-aa7e-42f81d81c748,2018-05-11T22:55:02.771Z,d78b61ca-308b-4005-a882-287423b51e5b,5,272d85e7-82c8-429b-bafe-83e9e76b9c89
Test Account 15,XXXXX-1232-2,HeldAway,TaxableRetirement,907842.2469078253,5233f4a0-15bf-41b8-aa7e-42f81d81c748,2018-05-11T22:55:02.772Z,ea856787-44b7-4760-b6ab-af963ca8f3e2,5,ca6faeb6-5f60-443d-a6ef-f1b965f03fab
Test Account 3,XXXXX-1232-19,HeldAway,TaxableRetirement,523612.2617904455,5233f4a0-15bf-41b8-aa7e-42f81d81c748,2018-05-11T22:55:02.772Z,ea856787-44b7-4760-b6ab-af963ca8f3e2,5,bcca10d9-2e26-4275-a01b-5e6ce083e473
Test Account 35,XXXXX-1232-41,HeldAway,TaxableRetirement,458281.66673378635,996af9ec-afad-4aa2-808f-437836f756e7,2018-05-11T22:55:02.794Z,d76c8ff9-31ef-40ad-97e6-ce5ce57eeb73,5,a7fdbd32-0eea-4704-a1db-90444d60225d
Test Account 46,XXXXX-1232-7,HeldAway,TaxableRetirement,256888.41472724554,996af9ec-afad-4aa2-808f-437836f756e7,2018-05-11T22:55:02.794Z,d76c8ff9-31ef-40ad-97e6-ce5ce57eeb73,5,064966f5-4636-495c-bebd-d81bff678c56
Test Account 84,XXXXX-1232-57,HeldAway,TaxableRetirement,169805.87042409735,996af9ec-afad-4aa2-808f-437836f756e7,2018-05-11T22:55:02.794Z,e542aac2-e5f0-43b5-af54-18e2b1564368,5,62f2a110-d27b-4cba-86d7-2e0ae20ac530
Test Account 76,XXXXX-1232-31,HeldAway,TaxableRetirement,414629.673636713,996af9ec-afad-4aa2-808f-437836f756e7,2018-05-11T22:55:02.794Z,e542aac2-e5f0-43b5-af54-18e2b1564368,5,3fef72c1-a75c-47fc-a906-b00f7a11ab9e
Test Account 87,XXXXX-1232-10,HeldAway,TaxableRetirement,392304.3567342229,2f8a5eb0-ddc6-43a2-84e0-b64a19e2bdb8,2018-05-11T22:55:02.801Z,1fdf6429-094d-4b03-8347-5d8a42fccf25,5,3a0c6718-149b-4f35-8d38-5495039ab690
Test Account 66,XXXXX-1232-4,HeldAway,TaxableRetirement,703352.7522971678,2f8a5eb0-ddc6-43a2-84e0-b64a19e2bdb8,2018-05-11T22:55:02.801Z,1fdf6429-094d-4b03-8347-5d8a42fccf25,5,805598db-2dba-42fa-b80f-f47f46bdbacd
Test Account 10,XXXXX-1232-13,HeldAway,TaxableRetirement,830519.2648121354,2f8a5eb0-ddc6-43a2-84e0-b64a19e2bdb8,2018-05-11T22:55:02.801Z,6f4cb674-df33-43be-8f59-2f8b33dfff73,5,0150ce3d-c005-4d76-8ee7-6ac13a81c7b8
Test Account 39,XXXXX-1232-77,HeldAway,TaxableRetirement,842709.0469798303,2f8a5eb0-ddc6-43a2-84e0-b64a19e2bdb8,2018-05-11T22:55:02.801Z,6f4cb674-df33-43be-8f59-2f8b33dfff73,5,af929707-2738-4a7a-8754-33f48d50ae7a
Test Account 37,XXXXX-1232-52,HeldAway,TaxableRetirement,210404.34655121787,bd515069-d103-4fd5-9343-ed7a92502228,2018-05-11T22:55:02.807Z,310cac56-a636-4717-8726-1669122da72a,5,acdee58d-02d3-4ec6-8bbe-84d1e0332752
Test Account 94,XXXXX-1232-6,HeldAway,TaxableRetirement,83681.23537114002,bd515069-d103-4fd5-9343-ed7a92502228,2018-05-11T22:55:02.807Z,310cac56-a636-4717-8726-1669122da72a,5,cbcfd7f5-c120-4c9e-a75b-a020d999c67d
Test Account 99,XXXXX-1232-76,HeldAway,TaxableRetirement,767677.5072769085,bd515069-d103-4fd5-9343-ed7a92502228,2018-05-11T22:55:02.807Z,fd46ab12-f285-43e3-ba78-e3781f4972e8,5,2bdb917f-67e5-4ec0-85f5-0896d5b0dd33
Test Account 12,XXXXX-1232-82,HeldAway,TaxableRetirement,638171.6455446198,bd515069-d103-4fd5-9343-ed7a92502228,2018-05-11T22:55:02.807Z,fd46ab12-f285-43e3-ba78-e3781f4972e8,5,712dab86-adf4-47d8-a161-3dc26e6c9d4e
Test Account 76,XXXXX-1232-14,HeldAway,TaxableRetirement,319647.02367430506,41758a5f-741e-414b-9ca5-6b03defe46b8,2018-05-11T22:55:02.814Z,8a538057-b78f-4f77-820f-de2e4a8acf70,5,f516fe51-afc4-4be9-a577-8e854b7cd7c3
Test Account 39,XXXXX-1232-54,HeldAway,TaxableRetirement,117026.46551565477,41758a5f-741e-414b-9ca5-6b03defe46b8,2018-05-11T22:55:02.814Z,8a538057-b78f-4f77-820f-de2e4a8acf70,5,84958701-022a-4733-94d4-4e0a46528d0f
Test Account 51,XXXXX-1232-92,HeldAway,TaxableRetirement,590010.8916023766,41758a5f-741e-414b-9ca5-6b03defe46b8,2018-05-11T22:55:02.814Z,98d08fdd-5bf2-436d-9d1f-b9c3093ee7fa,5,17f722b3-7edf-4e4c-a336-6cec1b8303cd
Test Account 19,XXXXX-1232-8,HeldAway,TaxableRetirement,452933.91161244333,41758a5f-741e-414b-9ca5-6b03defe46b8,2018-05-11T22:55:02.814Z,98d08fdd-5bf2-436d-9d1f-b9c3093ee7fa,5,badd31fb-9bbf-42d3-aa41-0c95ade83368
Test Account 90,XXXXX-1232-22,HeldAway,TaxableRetirement,43497.47347818256,e5db0a6a-142f-4761-a5c8-d23a3fdb78a1,2018-05-11T22:55:02.821Z,dbbce177-6bd2-4dc6-b09c-d0a33b3bc2b8,5,53c7143b-6514-4d3a-9627-f2e1860145b9
Test Account 89,XXXXX-1232-1,HeldAway,TaxableRetirement,732408.8609121459,e5db0a6a-142f-4761-a5c8-d23a3fdb78a1,2018-05-11T22:55:02.821Z,dbbce177-6bd2-4dc6-b09c-d0a33b3bc2b8,5,b3826e4f-63f1-402d-92f3-5b84903a3d97
Test Account 58,XXXXX-1232-4,HeldAway,TaxableRetirement,587070.0250166958,e5db0a6a-142f-4761-a5c8-d23a3fdb78a1,2018-05-11T22:55:02.821Z,f4816d2c-f6d0-43bd-b8cd-aaaf153528d8,5,822dabc1-8d58-44e6-bbf0-a0b17e8921b5
Test Account 28,XXXXX-1232-35,HeldAway,TaxableRetirement,757009.9096585289,e5db0a6a-142f-4761-a5c8-d23a3fdb78a1,2018-05-11T22:55:02.821Z,f4816d2c-f6d0-43bd-b8cd-aaaf153528d8,5,1c684b63-ac9c-4f7c-aaa9-c34019355259
Test Account 35,XXXXX-1232-80,HeldAway,TaxableRetirement,972712.309230158,45afcdb4-06e9-41bf-b4cd-5bb57ab14fed,2018-05-11T22:55:02.828Z,ab4e73b5-acfa-41c5-9c99-2cc0dfdd047e,5,2856a15c-52a6-407f-9280-7ff685812ea6
Test Account 3,XXXXX-1232-19,HeldAway,TaxableRetirement,556353.0258983725,45afcdb4-06e9-41bf-b4cd-5bb57ab14fed,2018-05-11T22:55:02.828Z,ab4e73b5-acfa-41c5-9c99-2cc0dfdd047e,5,83abfa81-5675-425e-a0c3-8798b670d234
Test Account 89,XXXXX-1232-96,HeldAway,TaxableRetirement,353197.510837669,45afcdb4-06e9-41bf-b4cd-5bb57ab14fed,2018-05-11T22:55:02.828Z,194183c8-3d7b-4796-b332-44ca0e9a7583,5,510bb6d0-3392-47b6-848f-f2f7964f726c
Test Account 8,XXXXX-1232-64,HeldAway,TaxableRetirement,678167.1405060394,45afcdb4-06e9-41bf-b4cd-5bb57ab14fed,2018-05-11T22:55:02.828Z,194183c8-3d7b-4796-b332-44ca0e9a7583,5,2594e6a0-a9e0-4a79-8253-ed35419c7fcd
Test Account 24,XXXXX-1232-75,HeldAway,TaxableRetirement,465337.9792958505,661e6e88-fecc-4a8d-ac55-dc41d7328fb2,2018-05-11T22:55:02.834Z,4174d22f-169d-450b-b0b7-729753610b0b,5,05dd4b63-57c7-459c-bebc-338d60e5b05b
Test Account 41,XXXXX-1232-14,HeldAway,TaxableRetirement,955985.2082385538,661e6e88-fecc-4a8d-ac55-dc41d7328fb2,2018-05-11T22:55:02.834Z,4174d22f-169d-450b-b0b7-729753610b0b,5,e5041a7e-6e02-4c19-b7ca-61eec0cbc268
Test Account 17,XXXXX-1232-92,HeldAway,TaxableRetirement,98446.18181521236,661e6e88-fecc-4a8d-ac55-dc41d7328fb2,2018-05-11T22:55:02.834Z,5d412d6a-8177-4c8e-9334-5ea303169b0f,5,33695129-70a5-44c2-9b2a-2dcb40baa9c5
Test Account 4,XXXXX-1232-27,HeldAway,TaxableRetirement,792730.2703630368,661e6e88-fecc-4a8d-ac55-dc41d7328fb2,2018-05-11T22:55:02.834Z,5d412d6a-8177-4c8e-9334-5ea303169b0f,5,c1cf1a36-003c-4c21-a9d9-c8afdb745eca
Test Account 51,XXXXX-1232-98,HeldAway,TaxableRetirement,952750.1558354117,e54fee4c-f5e0-49ee-938c-631cf3664aad,2018-05-11T22:55:02.841Z,325cd5dc-e92e-42ee-bc00-32a0e6771460,5,0ba79cd6-4651-44c7-b224-78857a94904e
Test Account 55,XXXXX-1232-81,HeldAway,TaxableRetirement,220557.41630247893,e54fee4c-f5e0-49ee-938c-631cf3664aad,2018-05-11T22:55:02.841Z,325cd5dc-e92e-42ee-bc00-32a0e6771460,5,a3ba55a5-f591-4dea-a6c5-56009300653c
Test Account 22,XXXXX-1232-78,HeldAway,TaxableRetirement,317544.39073097426,e54fee4c-f5e0-49ee-938c-631cf3664aad,2018-05-11T22:55:02.841Z,0332f51f-0ad0-49ae-a875-336281b5a45a,5,81976c81-38d1-4f5d-bc85-7aa9d8e13dbc
Test Account 81,XXXXX-1232-73,HeldAway,TaxableRetirement,612590.5890430331,e54fee4c-f5e0-49ee-938c-631cf3664aad,2018-05-11T22:55:02.842Z,0332f51f-0ad0-49ae-a875-336281b5a45a,5,4f7237a7-04f8-45f5-99aa-85cfe46667eb
Test Account 61,XXXXX-1232-25,HeldAway,TaxableRetirement,613029.9034813679,e3aae50a-27bf-4d8c-bd21-7c06502b3b37,2018-05-11T22:55:02.848Z,90731219-ef7c-4589-8451-27d28e03488f,5,fd1f7b08-8f6b-4908-90cd-184dde542c3e
Test Account 75,XXXXX-1232-22,HeldAway,TaxableRetirement,852908.3495886291,e3aae50a-27bf-4d8c-bd21-7c06502b3b37,2018-05-11T22:55:02.848Z,90731219-ef7c-4589-8451-27d28e03488f,5,edd62459-ecd4-4861-838e-052a0524d29e
Test Account 67,XXXXX-1232-31,HeldAway,TaxableRetirement,235246.51306894328,e3aae50a-27bf-4d8c-bd21-7c06502b3b37,2018-05-11T22:55:02.848Z,81e34028-a1e9-4d6d-8973-4861a2b3e958,5,cb96b82f-55e4-4268-a443-3e30043a4f83
Test Account 93,XXXXX-1232-59,HeldAway,TaxableRetirement,239768.95955747267,e3aae50a-27bf-4d8c-bd21-7c06502b3b37,2018-05-11T22:55:02.848Z,81e34028-a1e9-4d6d-8973-4861a2b3e958,5,4a7582f2-6f3d-48a4-b10f-df3915568c39
Test Account 70,XXXXX-1232-36,HeldAway,TaxableRetirement,493078.065775956,2497116f-58eb-4cac-8c41-a81e18257d03,2018-05-11T22:55:02.854Z,87290b0e-187e-4608-a105-9d8c04743e00,5,ba0542e5-11e2-427a-89dd-233012148b4c
Test Account 70,XXXXX-1232-40,HeldAway,TaxableRetirement,13737.57271179421,2497116f-58eb-4cac-8c41-a81e18257d03,2018-05-11T22:55:02.854Z,87290b0e-187e-4608-a105-9d8c04743e00,5,cafc8256-5272-45fd-add5-787c66ba8a47
Test Account 17,XXXXX-1232-44,HeldAway,TaxableRetirement,51846.50533534252,2497116f-58eb-4cac-8c41-a81e18257d03,2018-05-11T22:55:02.854Z,03455c65-fb18-46b4-b8ea-f176f2efda8e,5,c41ff706-cd30-4142-8ff3-50fbb7574204
Test Account 37,XXXXX-1232-53,HeldAway,TaxableRetirement,879289.5519563551,2497116f-58eb-4cac-8c41-a81e18257d03,2018-05-11T22:55:02.854Z,03455c65-fb18-46b4-b8ea-f176f2efda8e,5,93ae6384-9290-4287-b70a-327a76b36846
Test Account 45,XXXXX-1232-34,HeldAway,TaxableRetirement,947405.363249334,f1265045-92aa-4343-a059-d9aba8757095,2018-05-11T22:55:02.860Z,5b18ffad-1618-4920-8d2f-d02001c74590,5,87357e68-5bf8-4a3e-92e3-efaaa128aa4b
Test Account 35,XXXXX-1232-48,HeldAway,TaxableRetirement,372727.19263928547,f1265045-92aa-4343-a059-d9aba8757095,2018-05-11T22:55:02.860Z,5b18ffad-1618-4920-8d2f-d02001c74590,5,edd5e0c2-7fc4-4978-a1d7-65178d510b8f
Test Account 99,XXXXX-1232-26,HeldAway,TaxableRetirement,241921.15468262686,f1265045-92aa-4343-a059-d9aba8757095,2018-05-11T22:55:02.860Z,2ac4abeb-3b7c-4087-8252-dc8c8f0b800c,5,1dd4f9fe-f9a1-467f-8894-af26b7c7302c
Test Account 94,XXXXX-1232-2,HeldAway,TaxableRetirement,536902.0285937719,f1265045-92aa-4343-a059-d9aba8757095,2018-05-11T22:55:02.860Z,2ac4abeb-3b7c-4087-8252-dc8c8f0b800c,5,17f15293-618a-4085-bb24-f786f8160ebf
Test Account 11,XXXXX-1232-36,HeldAway,TaxableRetirement,173758.92276567317,2df2a307-4485-485c-8be1-c31a4a3a3799,2018-05-11T22:55:02.866Z,f45cb038-65a8-4185-a34c-a687e036ea07,5,87be56e1-bbb7-43e9-bb40-ca946ef450e7
Test Account 6,XXXXX-1232-74,HeldAway,TaxableRetirement,260141.23895211006,2df2a307-4485-485c-8be1-c31a4a3a3799,2018-05-11T22:55:02.866Z,f45cb038-65a8-4185-a34c-a687e036ea07,5,a25cbe06-428c-4400-8177-021ef801ee9f
Test Account 62,XXXXX-1232-29,HeldAway,TaxableRetirement,746243.9921490352,2df2a307-4485-485c-8be1-c31a4a3a3799,2018-05-11T22:55:02.866Z,a965574a-862f-4882-a5c6-bcc367a9d98d,5,85e1753b-c377-4dfd-8275-c05f8c372bdc
Test Account 50,XXXXX-1232-98,HeldAway,TaxableRetirement,574078.5995214833,2df2a307-4485-485c-8be1-c31a4a3a3799,2018-05-11T22:55:02.866Z,a965574a-862f-4882-a5c6-bcc367a9d98d,5,aa847f8f-35ea-4d34-b5df-bc7f87ca2f6d
Test Account 55,XXXXX-1232-60,HeldAway,TaxableRetirement,315029.92960417195,1dbedd01-2fc5-45cf-a43e-f01377df3c7f,2018-05-11T22:55:02.873Z,d4aea16e-aeb3-408f-b082-1c45997aa930,5,f980ea1e-7c6d-453a-878d-562b2fb9cc8f
Test Account 97,XXXXX-1232-13,HeldAway,TaxableRetirement,277112.70247941854,1dbedd01-2fc5-45cf-a43e-f01377df3c7f,2018-05-11T22:55:02.873Z,d4aea16e-aeb3-408f-b082-1c45997aa930,5,98a01aaa-fbdb-4ae7-8067-22db6d7fcdf6
Test Account 94,XXXXX-1232-36,HeldAway,TaxableRetirement,421570.80214283906,1dbedd01-2fc5-45cf-a43e-f01377df3c7f,2018-05-11T22:55:02.873Z,935c7349-4dfe-43df-a665-cfe85946aee4,5,dc4a542a-f476-4666-afce-eb3e1d4abcd5
Test Account 32,XXXXX-1232-85,HeldAway,TaxableRetirement,868473.1355815605,1dbedd01-2fc5-45cf-a43e-f01377df3c7f,2018-05-11T22:55:02.873Z,935c7349-4dfe-43df-a665-cfe85946aee4,5,3098a8d2-d0e7-4851-b26a-7645cc790a1e
Test Account 97,XXXXX-1232-99,HeldAway,TaxableRetirement,204057.25964843112,f8229766-8b85-4c9f-b75f-e25aa28bc53c,2018-05-11T22:55:02.878Z,efe75b0c-59bb-470d-a98a-8e4ac3bd6a0c,5,a45f5e88-ab19-4cd9-a574-5ea269288241
Test Account 17,XXXXX-1232-46,HeldAway,TaxableRetirement,710758.9897795407,f8229766-8b85-4c9f-b75f-e25aa28bc53c,2018-05-11T22:55:02.878Z,efe75b0c-59bb-470d-a98a-8e4ac3bd6a0c,5,99e53828-2298-4d69-a82e-9f14a76ea22f
Test Account 24,XXXXX-1232-30,HeldAway,TaxableRetirement,104131.46049800981,f8229766-8b85-4c9f-b75f-e25aa28bc53c,2018-05-11T22:55:02.878Z,ccb88db5-a737-4b03-bc81-ea488ba4f7d8,5,da48dd83-2864-4068-9fd8-dc23349c2f18
Test Account 67,XXXXX-1232-77,HeldAway,TaxableRetirement,337023.34585853963,f8229766-8b85-4c9f-b75f-e25aa28bc53c,2018-05-11T22:55:02.878Z,ccb88db5-a737-4b03-bc81-ea488ba4f7d8,5,0fa1757f-863d-49e1-8687-07a9fea61c52
Test Account 97,XXXXX-1232-46,HeldAway,TaxableRetirement,267023.09700503,8fcc1860-e324-46b3-80f7-f5b64eeeafc0,2018-05-11T22:55:02.884Z,ec667a3a-4da6-4c1f-8935-4dea7c014688,5,da245871-4ce5-495b-80b5-e9b36818dacc
Test Account 52,XXXXX-1232-7,HeldAway,TaxableRetirement,927214.9817513525,8fcc1860-e324-46b3-80f7-f5b64eeeafc0,2018-05-11T22:55:02.884Z,ec667a3a-4da6-4c1f-8935-4dea7c014688,5,6ba68f58-8abc-4669-9e29-53297e262776
Test Account 65,XXXXX-1232-48,HeldAway,TaxableRetirement,249273.86278677077,8fcc1860-e324-46b3-80f7-f5b64eeeafc0,2018-05-11T22:55:02.884Z,135ed323-1af1-45b5-b130-13d874449ab5,5,879a52c0-893e-4add-b7d1-3f74b5190882
Test Account 10,XXXXX-1232-90,HeldAway,TaxableRetirement,346605.32631012343,8fcc1860-e324-46b3-80f7-f5b64eeeafc0,2018-05-11T22:55:02.884Z,135ed323-1af1-45b5-b130-13d874449ab5,5,ea512b80-8aed-4306-bc68-f2d6667a4d5a
Test Account 8,XXXXX-1232-27,HeldAway,TaxableRetirement,683440.3146035125,a6ce2289-93ff-4a34-8138-cc32b2e4996e,2018-05-11T22:55:02.890Z,35eecf98-858f-45c0-bb6b-c60c7ba61f7e,5,33adfa6f-f499-4906-8175-fa24beb7f7c0
Test Account 76,XXXXX-1232-85,HeldAway,TaxableRetirement,486841.7762372621,a6ce2289-93ff-4a34-8138-cc32b2e4996e,2018-05-11T22:55:02.890Z,35eecf98-858f-45c0-bb6b-c60c7ba61f7e,5,735aac64-490a-4bdd-9e10-feb68ec82d6e
Test Account 18,XXXXX-1232-21,HeldAway,TaxableRetirement,973640.0786238281,a6ce2289-93ff-4a34-8138-cc32b2e4996e,2018-05-11T22:55:02.890Z,bcd5d535-1e36-4360-af73-c14af7339644,5,7bee4eaf-db4e-44a1-adbd-84afcededa42
Test Account 16,XXXXX-1232-94,HeldAway,TaxableRetirement,340904.6536041764,a6ce2289-93ff-4a34-8138-cc32b2e4996e,2018-05-11T22:55:02.890Z,bcd5d535-1e36-4360-af73-c14af7339644,5,bdfc078d-9178-4680-bcb8-ec3b3e1c6c76
Test Account 38,XXXXX-1232-28,HeldAway,TaxableRetirement,584425.0792571004,bd929775-f236-4b45-95c6-2e2612060af0,2018-05-11T22:55:02.895Z,64fb85d8-e995-43dc-a0e4-c11835ed5eb8,5,3ee1a3db-de92-4884-b0fb-8197ea448b29
Test Account 97,XXXXX-1232-40,HeldAway,TaxableRetirement,481369.8622377592,bd929775-f236-4b45-95c6-2e2612060af0,2018-05-11T22:55:02.895Z,64fb85d8-e995-43dc-a0e4-c11835ed5eb8,5,6072cb38-d6f9-41b7-8707-e53ac7321468
Test Account 25,XXXXX-1232-51,HeldAway,TaxableRetirement,814098.3965576277,bd929775-f236-4b45-95c6-2e2612060af0,2018-05-11T22:55:02.895Z,56dd4b70-f74d-40ae-b517-45f894571404,5,1fd25010-70da-4ce6-8ebf-dc54015fd2e9
Test Account 47,XXXXX-1232-60,HeldAway,TaxableRetirement,993200.6904088398,bd929775-f236-4b45-95c6-2e2612060af0,2018-05-11T22:55:02.895Z,56dd4b70-f74d-40ae-b517-45f894571404,5,a658d0f9-b49f-49ea-8386-d1327df99ce9
Test Account 79,XXXXX-1232-79,HeldAway,TaxableRetirement,402528.1431891479,ed89e2f6-ac53-4c01-90a0-99714a3b0d9c,2018-05-11T22:55:02.901Z,f484e4fc-19a7-4edf-b9a8-6fb5d1258e77,5,c64c6929-cbbd-4792-b3fb-763183a31495
Test Account 58,XXXXX-1232-11,HeldAway,TaxableRetirement,573758.93832417,ed89e2f6-ac53-4c01-90a0-99714a3b0d9c,2018-05-11T22:55:02.901Z,f484e4fc-19a7-4edf-b9a8-6fb5d1258e77,5,8331ee98-45fb-4c94-88ab-4d31e6b9ea50
Test Account 99,XXXXX-1232-89,HeldAway,TaxableRetirement,253995.91299906987,ed89e2f6-ac53-4c01-90a0-99714a3b0d9c,2018-05-11T22:55:02.901Z,f9134119-6496-418d-9f71-42a464f73f20,5,9e2b3e59-e54e-4fd1-a485-ec154dae2368
Test Account 63,XXXXX-1232-0,HeldAway,TaxableRetirement,575628.4932796871,ed89e2f6-ac53-4c01-90a0-99714a3b0d9c,2018-05-11T22:55:02.901Z,f9134119-6496-418d-9f71-42a464f73f20,5,df8289eb-3b46-4dc3-9707-f71405e903d1
Test Account 83,XXXXX-1232-15,HeldAway,TaxableRetirement,331701.63381220517,df53c934-ca6c-4f6a-b9f1-00d6172e5821,2018-05-11T22:55:02.906Z,4c79ffd9-115e-4f01-b086-d23f6343418f,5,a5c64c94-0060-4f01-8732-3981214037f2
Test Account 57,XXXXX-1232-2,HeldAway,TaxableRetirement,286258.04796031775,df53c934-ca6c-4f6a-b9f1-00d6172e5821,2018-05-11T22:55:02.906Z,4c79ffd9-115e-4f01-b086-d23f6343418f,5,47f432fa-ad6d-4f65-b739-995608a12a5e
Test Account 49,XXXXX-1232-49,HeldAway,TaxableRetirement,741918.7624725449,df53c934-ca6c-4f6a-b9f1-00d6172e5821,2018-05-11T22:55:02.906Z,3e7dd529-58da-43dc-a183-09a1b3747387,5,4865ec07-0ab9-4e3e-b317-7a04a1735aed
Test Account 49,XXXXX-1232-24,HeldAway,TaxableRetirement,846479.7129926123,df53c934-ca6c-4f6a-b9f1-00d6172e5821,2018-05-11T22:55:02.906Z,3e7dd529-58da-43dc-a183-09a1b3747387,5,d72532e9-2999-4caa-a19e-baa3d760c1a3
Test Account 39,XXXXX-1232-89,HeldAway,TaxableRetirement,299661.15916405176,3433f8a1-958b-4e80-b3b6-847cb57633a7,2018-05-11T22:55:02.914Z,ee8a927b-131b-43f4-984b-76472abc3611,5,e3be933f-4754-4b85-9050-b51fa14a6d3c
Test Account 99,XXXXX-1232-64,HeldAway,TaxableRetirement,231393.43693823344,3433f8a1-958b-4e80-b3b6-847cb57633a7,2018-05-11T22:55:02.914Z,ee8a927b-131b-43f4-984b-76472abc3611,5,ffb96e76-6364-4f32-ab43-ab3f7a5d419d
Test Account 20,XXXXX-1232-80,HeldAway,TaxableRetirement,631045.5141810303,3433f8a1-958b-4e80-b3b6-847cb57633a7,2018-05-11T22:55:02.914Z,20237b94-b1f0-4cb1-a22c-177219bd0ac9,5,956687d3-2bd0-40bc-a653-dc29dd56fb40
Test Account 27,XXXXX-1232-28,HeldAway,TaxableRetirement,906922.2964263991,3433f8a1-958b-4e80-b3b6-847cb57633a7,2018-05-11T22:55:02.914Z,20237b94-b1f0-4cb1-a22c-177219bd0ac9,5,e75d4196-0cf9-44a2-8b39-628b19186175
Test Account 84,XXXXX-1232-36,HeldAway,TaxableRetirement,178530.68733051614,e522f4b0-4b45-4110-92ea-9360f9a1f07c,2018-05-11T22:55:02.921Z,34e235d6-d565-414f-b689-3e492ba521b8,5,4650ff2d-88b3-4b5f-b798-bbebc4d1f5af
Test Account 56,XXXXX-1232-55,HeldAway,TaxableRetirement,734980.7187481268,e522f4b0-4b45-4110-92ea-9360f9a1f07c,2018-05-11T22:55:02.921Z,34e235d6-d565-414f-b689-3e492ba521b8,5,ef096162-1959-43a8-9b68-188cf01fa4a9
Test Account 52,XXXXX-1232-67,HeldAway,TaxableRetirement,336579.4707862112,e522f4b0-4b45-4110-92ea-9360f9a1f07c,2018-05-11T22:55:02.922Z,fd200029-03e2-4161-9123-4a4e1e3bed6d,5,d1d999ce-3222-449a-9c2f-8fa3c9b76202
Test Account 67,XXXXX-1232-37,HeldAway,TaxableRetirement,985566.110497807,e522f4b0-4b45-4110-92ea-9360f9a1f07c,2018-05-11T22:55:02.922Z,fd200029-03e2-4161-9123-4a4e1e3bed6d,5,3ec7cf9f-1b04-433e-919c-c04bcf063b8c
Test Account 20,XXXXX-1232-26,HeldAway,TaxableRetirement,389807.69919270853,87b00af4-8016-4e32-bd99-735615507214,2018-05-11T22:55:02.927Z,9125184f-699d-4c96-a959-9c1570690aa3,5,2ca9101d-7723-453d-a0f4-f0e334d8001e
Test Account 64,XXXXX-1232-82,HeldAway,TaxableRetirement,101001.95489553321,87b00af4-8016-4e32-bd99-735615507214,2018-05-11T22:55:02.927Z,9125184f-699d-4c96-a959-9c1570690aa3,5,9ac5eaae-1bec-487e-9c19-ac69cb84f1e6
Test Account 84,XXXXX-1232-0,HeldAway,TaxableRetirement,758497.6538244194,87b00af4-8016-4e32-bd99-735615507214,2018-05-11T22:55:02.927Z,bc609e2c-9bc2-4086-bdb8-3e4bcc83a151,5,a044c014-d5e7-4de6-af3e-51d20127cc96
Test Account 11,XXXXX-1232-66,HeldAway,TaxableRetirement,341307.29399995576,87b00af4-8016-4e32-bd99-735615507214,2018-05-11T22:55:02.927Z,bc609e2c-9bc2-4086-bdb8-3e4bcc83a151,5,b026c9a6-45d6-45b9-a0cf-c69c0a62b80a
Test Account 12,XXXXX-1232-22,HeldAway,TaxableRetirement,8735.979135905292,39660d69-ad21-4824-8f0b-e4a8f3087474,2018-05-11T22:55:02.933Z,6aeb4e46-5dde-461b-a551-71842c38f74d,5,899b34cb-0e8e-4544-93e4-7397dba34302
Test Account 86,XXXXX-1232-86,HeldAway,TaxableRetirement,655984.822489571,39660d69-ad21-4824-8f0b-e4a8f3087474,2018-05-11T22:55:02.933Z,6aeb4e46-5dde-461b-a551-71842c38f74d,5,55021048-6d5f-485b-ba34-2721dd2b5d52
Test Account 92,XXXXX-1232-83,HeldAway,TaxableRetirement,940898.5845838801,39660d69-ad21-4824-8f0b-e4a8f3087474,2018-05-11T22:55:02.933Z,481fb9f7-30cf-41a0-9ed1-4a16eaa5201b,5,f5f5a1e3-e882-48eb-af94-70386622e76a
Test Account 31,XXXXX-1232-2,HeldAway,TaxableRetirement,525721.5576689955,39660d69-ad21-4824-8f0b-e4a8f3087474,2018-05-11T22:55:02.933Z,481fb9f7-30cf-41a0-9ed1-4a16eaa5201b,5,b0022559-5738-4197-9732-1a09c0d91002
Test Account 53,XXXXX-1232-69,HeldAway,TaxableRetirement,276665.5982781053,81e0f061-a08f-4922-bb27-928ba7e13553,2018-05-11T22:55:02.940Z,2fafd005-4e6b-49dc-aced-51d54acf950a,5,c132798f-87c1-403c-bcc4-3b04694ee635
Test Account 15,XXXXX-1232-52,HeldAway,TaxableRetirement,67249.17024451404,81e0f061-a08f-4922-bb27-928ba7e13553,2018-05-11T22:55:02.940Z,2fafd005-4e6b-49dc-aced-51d54acf950a,5,5d6bb03e-2bc8-48c1-8f6d-0851fc9e623b
Test Account 40,XXXXX-1232-57,HeldAway,TaxableRetirement,272004.21496974817,81e0f061-a08f-4922-bb27-928ba7e13553,2018-05-11T22:55:02.940Z,e4a9e6fe-2f2a-46cc-99b8-47bea85a5016,5,863f7b9b-6527-4d6f-bd3c-437371c382c6
Test Account 95,XXXXX-1232-84,HeldAway,TaxableRetirement,910143.5151731999,81e0f061-a08f-4922-bb27-928ba7e13553,2018-05-11T22:55:02.940Z,e4a9e6fe-2f2a-46cc-99b8-47bea85a5016,5,df9fa5aa-7ca6-49de-8285-fed5ac7a2711
Test Account 16,XXXXX-1232-35,HeldAway,TaxableRetirement,115723.06753932948,672e1e6c-ba78-4d3c-91ea-6c43fa9dac3d,2018-05-11T22:55:02.946Z,a7c21a22-4aef-472d-9c5e-9fbec2a55498,5,40c4c727-b991-4da1-a64d-8953b8ce064d
Test Account 64,XXXXX-1232-74,HeldAway,TaxableRetirement,349265.83360735676,672e1e6c-ba78-4d3c-91ea-6c43fa9dac3d,2018-05-11T22:55:02.946Z,a7c21a22-4aef-472d-9c5e-9fbec2a55498,5,8e32db0f-a37b-4521-9b0d-c9549618dcef
Test Account 98,XXXXX-1232-91,HeldAway,TaxableRetirement,571833.7907174195,672e1e6c-ba78-4d3c-91ea-6c43fa9dac3d,2018-05-11T22:55:02.946Z,0ceccc7c-cd2b-4117-9511-b3b7ccaaede2,5,93ccdb50-0602-4950-b644-bafe1462f708
Test Account 31,XXXXX-1232-1,HeldAway,TaxableRetirement,366940.08657135145,672e1e6c-ba78-4d3c-91ea-6c43fa9dac3d,2018-05-11T22:55:02.946Z,0ceccc7c-cd2b-4117-9511-b3b7ccaaede2,5,c966d293-cda2-4c57-bcd4-28b6a94af039
Test Account 66,XXXXX-1232-19,HeldAway,TaxableRetirement,645437.2034335441,ae8a1856-c504-47d4-a5cd-77820cd2b5b0,2018-05-11T22:55:02.951Z,67ad9236-54b9-444a-9be0-235a4af8efa4,5,ba1a400f-d8ad-45c5-928b-76a95f4529df
Test Account 25,XXXXX-1232-77,HeldAway,TaxableRetirement,860185.2032146604,ae8a1856-c504-47d4-a5cd-77820cd2b5b0,2018-05-11T22:55:02.951Z,67ad9236-54b9-444a-9be0-235a4af8efa4,5,5e0ea15e-2383-46dc-9d0c-68a35bed3203
Test Account 0,XXXXX-1232-21,HeldAway,TaxableRetirement,620251.9579278444,ae8a1856-c504-47d4-a5cd-77820cd2b5b0,2018-05-11T22:55:02.951Z,53f7b3fe-e743-46ff-a471-c94579a95cf4,5,20a59fed-0536-4faf-89be-6caaeac0f6d9
Test Account 10,XXXXX-1232-71,HeldAway,TaxableRetirement,844490.6884883082,ae8a1856-c504-47d4-a5cd-77820cd2b5b0,2018-05-11T22:55:02.951Z,53f7b3fe-e743-46ff-a471-c94579a95cf4,5,d0823347-31d0-41a0-8da4-51f3959c47fc
Test Account 60,XXXXX-1232-34,HeldAway,TaxableRetirement,285761.26478748984,fe62f590-ddc7-4847-9fb3-207e10080655,2018-05-11T22:55:02.956Z,13a87a6e-bcdf-44f4-8930-060fce70e310,5,cf643408-4824-43e9-ac23-e1f590ab3f8e
Test Account 32,XXXXX-1232-16,HeldAway,TaxableRetirement,865832.8014427763,fe62f590-ddc7-4847-9fb3-207e10080655,2018-05-11T22:55:02.956Z,13a87a6e-bcdf-44f4-8930-060fce70e310,5,ff2db055-740e-464d-a5b7-9974a04d5786
Test Account 24,XXXXX-1232-77,HeldAway,TaxableRetirement,914318.597855796,fe62f590-ddc7-4847-9fb3-207e10080655,2018-05-11T22:55:02.956Z,aaa30ee5-9ae5-4152-bc43-30f55174bfd7,5,c5d2857e-a678-42a9-8884-5b3bf427078a
Test Account 38,XXXXX-1232-28,HeldAway,TaxableRetirement,63516.622411856624,fe62f590-ddc7-4847-9fb3-207e10080655,2018-05-11T22:55:02.956Z,aaa30ee5-9ae5-4152-bc43-30f55174bfd7,5,18d7a6d3-895f-4bf1-958e-1736b6159262
Test Account 54,XXXXX-1232-22,HeldAway,TaxableRetirement,15413.825982535045,e13d6a8a-987a-4b09-b281-af897f37d491,2018-05-11T22:55:02.961Z,45aa480d-abfa-4b4b-853e-f4d8c793f720,5,0a2a96f9-2a68-419d-b46b-9213b0efb803
Test Account 98,XXXXX-1232-18,HeldAway,TaxableRetirement,565624.6928932136,e13d6a8a-987a-4b09-b281-af897f37d491,2018-05-11T22:55:02.961Z,45aa480d-abfa-4b4b-853e-f4d8c793f720,5,7513d09c-8526-42be-b54d-20a95e4800ce
Test Account 54,XXXXX-1232-27,HeldAway,TaxableRetirement,942053.3131116051,e13d6a8a-987a-4b09-b281-af897f37d491,2018-05-11T22:55:02.961Z,62799d8c-a201-4817-8967-c0aae8c2e640,5,eef26701-4146-4f32-b3ee-b18d61d14fef
Test Account 32,XXXXX-1232-64,HeldAway,TaxableRetirement,828711.3088414944,e13d6a8a-987a-4b09-b281-af897f37d491,2018-05-11T22:55:02.962Z,62799d8c-a201-4817-8967-c0aae8c2e640,5,ea576f9f-208e-49a4-a159-cfdaf0e74ebc
Test Account 45,XXXXX-1232-15,HeldAway,TaxableRetirement,341790.0396073045,5126bd49-dce9-4ee2-a091-e7aa2af07fb7,2018-05-11T22:55:02.967Z,bc920248-2e7d-4d32-bb5a-15cf6df14cba,5,8865914f-f2c4-401e-8f26-04d698a6e1a1
Test Account 5,XXXXX-1232-29,HeldAway,TaxableRetirement,651204.294725967,5126bd49-dce9-4ee2-a091-e7aa2af07fb7,2018-05-11T22:55:02.967Z,bc920248-2e7d-4d32-bb5a-15cf6df14cba,5,60b359f7-1d96-4cb6-ba1f-84aadf2ea54d
Test Account 53,XXXXX-1232-52,HeldAway,TaxableRetirement,282420.7344210636,5126bd49-dce9-4ee2-a091-e7aa2af07fb7,2018-05-11T22:55:02.967Z,eaa52d03-1e41-4bc9-861f-98be8beb6b8f,5,5bfa5ed8-8e06-4857-b065-3ac1e60a223e
Test Account 95,XXXXX-1232-40,HeldAway,TaxableRetirement,958818.5597046907,5126bd49-dce9-4ee2-a091-e7aa2af07fb7,2018-05-11T22:55:02.967Z,eaa52d03-1e41-4bc9-861f-98be8beb6b8f,5,f291bc8b-d21e-4bd9-8ce8-dc55dcd91b7e
Test Account 27,XXXXX-1232-53,HeldAway,TaxableRetirement,563857.9155567399,e2a99f26-2cb3-41a3-b1c8-4b9fdf4f7185,2018-05-11T22:55:02.972Z,128399b6-9a1d-4599-b73e-9e359e4584c5,5,8d3d9c6f-dc4e-47a5-942b-a195a96e7fd3
Test Account 54,XXXXX-1232-22,HeldAway,TaxableRetirement,342180.6092298771,e2a99f26-2cb3-41a3-b1c8-4b9fdf4f7185,2018-05-11T22:55:02.972Z,128399b6-9a1d-4599-b73e-9e359e4584c5,5,bcb44d11-1d96-4a20-a339-962f7bbd33ef
Test Account 33,XXXXX-1232-10,HeldAway,TaxableRetirement,885419.9583973899,e2a99f26-2cb3-41a3-b1c8-4b9fdf4f7185,2018-05-11T22:55:02.972Z,ca7df8aa-d35e-4cb4-8943-4c03515d99e7,5,2b1dd026-bf80-4ae9-9ebd-9ff36251abda
Test Account 92,XXXXX-1232-4,HeldAway,TaxableRetirement,251393.11436474865,e2a99f26-2cb3-41a3-b1c8-4b9fdf4f7185,2018-05-11T22:55:02.972Z,ca7df8aa-d35e-4cb4-8943-4c03515d99e7,5,69391fd7-09eb-430c-912e-9e88a1d5900c
Test Account 52,XXXXX-1232-33,HeldAway,TaxableRetirement,887089.2138538018,50ebbe5d-dee9-4288-a9f4-e4bda04d4323,2018-05-11T22:55:02.978Z,f49f54ff-b7b8-4f64-9284-394ef91d6454,5,833aca64-894e-4094-a728-160eb80937d5
Test Account 28,XXXXX-1232-14,HeldAway,TaxableRetirement,565004.346371034,50ebbe5d-dee9-4288-a9f4-e4bda04d4323,2018-05-11T22:55:02.978Z,f49f54ff-b7b8-4f64-9284-394ef91d6454,5,10538b50-27cc-40cc-84f7-1cf50eaee32b
Test Account 37,XXXXX-1232-71,HeldAway,TaxableRetirement,269300.9067996971,50ebbe5d-dee9-4288-a9f4-e4bda04d4323,2018-05-11T22:55:02.978Z,5532e3a7-c0ef-46fb-8805-84e0872f71ff,5,60d7c400-9ddf-463d-a729-023d73189f23
Test Account 21,XXXXX-1232-22,HeldAway,TaxableRetirement,237855.34525853535,50ebbe5d-dee9-4288-a9f4-e4bda04d4323,2018-05-11T22:55:02.978Z,5532e3a7-c0ef-46fb-8805-84e0872f71ff,5,c90f7f87-732e-4e0f-b62e-f90d367cc857
Test Account 52,XXXXX-1232-50,HeldAway,TaxableRetirement,774508.8482890008,7828dc75-4a53-4391-aef2-17d56238df95,2018-05-11T22:55:02.985Z,8f6c79dd-1dbb-4350-ab77-559b27279985,5,427025ba-bd2b-49c5-b9df-6f4b18123cf6
Test Account 78,XXXXX-1232-28,HeldAway,TaxableRetirement,735708.7925555973,7828dc75-4a53-4391-aef2-17d56238df95,2018-05-11T22:55:02.985Z,8f6c79dd-1dbb-4350-ab77-559b27279985,5,b0aa43c5-000c-4ad1-aab5-3d0e0948432a
Test Account 47,XXXXX-1232-61,HeldAway,TaxableRetirement,331318.58834214066,7828dc75-4a53-4391-aef2-17d56238df95,2018-05-11T22:55:02.985Z,53c31366-7e76-4d47-81b0-9ded5f5517ec,5,e9bfc627-720f-445b-8783-547b7b9277ef
Test Account 73,XXXXX-1232-25,HeldAway,TaxableRetirement,502633.13001263386,7828dc75-4a53-4391-aef2-17d56238df95,2018-05-11T22:55:02.985Z,53c31366-7e76-4d47-81b0-9ded5f5517ec,5,4bf8e6c4-f817-4b36-995f-6ae171afc6c9
Test Account 47,XXXXX-1232-50,HeldAway,TaxableRetirement,4238.36537423894,cc2f0a05-3b5c-4ef3-bb30-b7632de69a96,2018-05-11T22:55:02.990Z,74ac9f59-5033-41a1-9c42-4c6d397478f1,5,6e217d7c-78a8-444b-9c61-752760741096
Test Account 48,XXXXX-1232-79,HeldAway,TaxableRetirement,820957.6377053171,cc2f0a05-3b5c-4ef3-bb30-b7632de69a96,2018-05-11T22:55:02.990Z,74ac9f59-5033-41a1-9c42-4c6d397478f1,5,5bd93038-871f-493a-9d08-aa7c3ccf3244
Test Account 30,XXXXX-1232-2,HeldAway,TaxableRetirement,431813.89617608266,cc2f0a05-3b5c-4ef3-bb30-b7632de69a96,2018-05-11T22:55:02.990Z,53399f29-d8c4-432b-b2a8-c81a432737e8,5,19101a6d-1b63-4a53-b657-693a52f8305d
Test Account 1,XXXXX-1232-29,HeldAway,TaxableRetirement,783520.9177982904,cc2f0a05-3b5c-4ef3-bb30-b7632de69a96,2018-05-11T22:55:02.990Z,53399f29-d8c4-432b-b2a8-c81a432737e8,5,16c5c51b-764e-4c0f-bfc6-fcf5cfc15c93
Test Account 69,XXXXX-1232-21,HeldAway,TaxableRetirement,727273.8807368982,0f01fb65-4300-4d91-b183-b38ec3d6b788,2018-05-11T22:55:02.995Z,37da8919-0e73-4f90-9960-c0252522f8ed,5,74587504-c991-4ba4-b0af-3f61df56d176
Test Account 30,XXXXX-1232-68,HeldAway,TaxableRetirement,631855.7713250186,0f01fb65-4300-4d91-b183-b38ec3d6b788,2018-05-11T22:55:02.995Z,37da8919-0e73-4f90-9960-c0252522f8ed,5,dac5675b-c37f-42c0-8667-71f364043dbb
Test Account 85,XXXXX-1232-32,HeldAway,TaxableRetirement,881906.3312968736,0f01fb65-4300-4d91-b183-b38ec3d6b788,2018-05-11T22:55:02.995Z,99aae43d-8b3c-4286-a850-bfa30b288a98,5,f18f8ccf-c4bd-4aa3-ae35-59686b244793
Test Account 93,XXXXX-1232-48,HeldAway,TaxableRetirement,560486.674664895,0f01fb65-4300-4d91-b183-b38ec3d6b788,2018-05-11T22:55:02.995Z,99aae43d-8b3c-4286-a850-bfa30b288a98,5,3b8f6107-c611-4fcd-94e4-913b2798e0b0
Test Account 45,XXXXX-1232-30,HeldAway,TaxableRetirement,62530.948781536754,75a97009-8740-4ee4-932f-150cfe79150b,2018-05-11T22:55:03.001Z,96be82c4-5a48-444c-8684-07f78be40508,5,2e1d6db9-d807-46ab-8194-8b117bb1651a
Test Account 29,XXXXX-1232-15,HeldAway,TaxableRetirement,42283.16593323034,75a97009-8740-4ee4-932f-150cfe79150b,2018-05-11T22:55:03.001Z,96be82c4-5a48-444c-8684-07f78be40508,5,8f68b792-2028-4bd3-8804-15137d6d3982
Test Account 66,XXXXX-1232-55,HeldAway,TaxableRetirement,492468.7394056344,75a97009-8740-4ee4-932f-150cfe79150b,2018-05-11T22:55:03.001Z,23391da5-be0e-40f6-b8a8-192a0d565fab,5,a2d3aa43-6e5d-4de1-b673-1dfd99d61dc2
Test Account 81,XXXXX-1232-99,HeldAway,TaxableRetirement,376867.8033461623,75a97009-8740-4ee4-932f-150cfe79150b,2018-05-11T22:55:03.001Z,23391da5-be0e-40f6-b8a8-192a0d565fab,5,445e1124-dc0a-4493-8dde-0120470067ed
Test Account 37,XXXXX-1232-94,HeldAway,TaxableRetirement,945340.9799730537,c116a3c3-d669-4dc3-b6b1-e93c726bc38d,2018-05-11T22:55:03.005Z,0a66a811-ef5a-4928-8256-3ff3fb1a635f,5,eddd6a2a-4c79-48c1-ab57-b85e11bc1cc2
Test Account 90,XXXXX-1232-35,HeldAway,TaxableRetirement,517624.62778949883,c116a3c3-d669-4dc3-b6b1-e93c726bc38d,2018-05-11T22:55:03.005Z,0a66a811-ef5a-4928-8256-3ff3fb1a635f,5,2b6219fa-ba4b-4e43-afca-dc0bce0b70ae
Test Account 7,XXXXX-1232-57,HeldAway,TaxableRetirement,834314.5849200224,c116a3c3-d669-4dc3-b6b1-e93c726bc38d,2018-05-11T22:55:03.005Z,cffe1487-89cb-4bd6-9a8d-5a1c4cae48d6,5,fc3a5259-1ce0-4856-9191-34f9c5389612
Test Account 44,XXXXX-1232-25,HeldAway,TaxableRetirement,758039.0628939924,c116a3c3-d669-4dc3-b6b1-e93c726bc38d,2018-05-11T22:55:03.005Z,cffe1487-89cb-4bd6-9a8d-5a1c4cae48d6,5,fad28a99-e4b9-431b-940c-037aec2fba8e
Test Account 11,XXXXX-1232-53,HeldAway,TaxableRetirement,926751.546966242,f803d045-6e45-48e2-bf5b-f16da8d9d5aa,2018-05-11T22:55:03.010Z,9357993a-ef4e-4b4e-86d9-4c31de432578,5,64ee3b4f-2750-43c7-ac2b-771eeb6d7557
Test Account 11,XXXXX-1232-97,HeldAway,TaxableRetirement,327317.89095719764,f803d045-6e45-48e2-bf5b-f16da8d9d5aa,2018-05-11T22:55:03.010Z,9357993a-ef4e-4b4e-86d9-4c31de432578,5,9d869a02-a4f9-4ac7-a65f-fb660abae8ce
Test Account 22,XXXXX-1232-4,HeldAway,TaxableRetirement,519953.46898624516,f803d045-6e45-48e2-bf5b-f16da8d9d5aa,2018-05-11T22:55:03.010Z,f6112911-2bb9-4c6e-bb02-7aca21e760f3,5,9b90b833-9309-4b4b-a417-abd8669ce554
Test Account 15,XXXXX-1232-81,HeldAway,TaxableRetirement,506873.44951773336,f803d045-6e45-48e2-bf5b-f16da8d9d5aa,2018-05-11T22:55:03.010Z,f6112911-2bb9-4c6e-bb02-7aca21e760f3,5,304bb349-2bde-4e7b-9b1e-f07118629d52
Test Account 32,XXXXX-1232-54,HeldAway,TaxableRetirement,220225.5287592576,f6e24368-ba33-4fe1-8a6c-662ab1a8bcd8,2018-05-11T22:55:03.015Z,64e58a33-382e-4b04-ac0c-459cb1a2d685,5,21f83aa6-2ab7-469a-b657-c20876c104fe
Test Account 54,XXXXX-1232-61,HeldAway,TaxableRetirement,834358.5122949928,f6e24368-ba33-4fe1-8a6c-662ab1a8bcd8,2018-05-11T22:55:03.016Z,64e58a33-382e-4b04-ac0c-459cb1a2d685,5,a08e6b05-2a5e-484d-9b36-f1c89d5d02ba
Test Account 41,XXXXX-1232-81,HeldAway,TaxableRetirement,273407.25240086595,f6e24368-ba33-4fe1-8a6c-662ab1a8bcd8,2018-05-11T22:55:03.016Z,b4d33296-8eb3-4e12-a9ed-51274a8becfc,5,00acf513-392a-44d9-be69-448e5f5233d5
Test Account 79,XXXXX-1232-14,HeldAway,TaxableRetirement,695833.9469767701,f6e24368-ba33-4fe1-8a6c-662ab1a8bcd8,2018-05-11T22:55:03.016Z,b4d33296-8eb3-4e12-a9ed-51274a8becfc,5,fe2568a9-825a-4a4d-a673-7277360d2ae6
Test Account 31,XXXXX-1232-91,HeldAway,TaxableRetirement,180450.45242233836,38e61378-05d0-4686-b367-c3b1b2430407,2018-05-11T22:55:03.020Z,7615f2d7-9d5a-4507-8b7f-632fafcba6db,5,dcbe9b04-65b5-45fd-ad87-a578e18a7554
Test Account 9,XXXXX-1232-9,HeldAway,TaxableRetirement,602957.9024115093,38e61378-05d0-4686-b367-c3b1b2430407,2018-05-11T22:55:03.020Z,7615f2d7-9d5a-4507-8b7f-632fafcba6db,5,bbcdb50a-a107-4abc-80e1-830765b016b1
Test Account 16,XXXXX-1232-31,HeldAway,TaxableRetirement,276759.8331291363,38e61378-05d0-4686-b367-c3b1b2430407,2018-05-11T22:55:03.020Z,0c6c6939-7a4b-42a1-85e1-fe9a2d711e08,5,23b8cf99-3ee9-4db6-9477-8b2910bbaa4b
Test Account 31,XXXXX-1232-82,HeldAway,TaxableRetirement,703416.5793805008,38e61378-05d0-4686-b367-c3b1b2430407,2018-05-11T22:55:03.020Z,0c6c6939-7a4b-42a1-85e1-fe9a2d711e08,5,1782938d-c17a-4648-b642-de57029141a5
Test Account 3,XXXXX-1232-59,HeldAway,TaxableRetirement,815430.756975787,5bcfbec0-aa3b-4489-8999-fe53e10941d2,2018-05-11T22:55:03.025Z,ae5659a5-93b8-4842-b2c6-6f1eae41f2da,5,a055dbe6-443f-4879-ba74-17ef460edcc6
Test Account 8,XXXXX-1232-17,HeldAway,TaxableRetirement,626389.4716972116,5bcfbec0-aa3b-4489-8999-fe53e10941d2,2018-05-11T22:55:03.025Z,ae5659a5-93b8-4842-b2c6-6f1eae41f2da,5,6c343283-c15a-45bb-b464-b56424cf62e1
Test Account 4,XXXXX-1232-11,HeldAway,TaxableRetirement,170422.07149831057,5bcfbec0-aa3b-4489-8999-fe53e10941d2,2018-05-11T22:55:03.025Z,b706fcf8-9441-4b7b-8a0f-9d5ffa717535,5,0a7c1f1c-b02d-4273-9031-f4b5aec28c57
Test Account 26,XXXXX-1232-56,HeldAway,TaxableRetirement,560142.8027622878,5bcfbec0-aa3b-4489-8999-fe53e10941d2,2018-05-11T22:55:03.025Z,b706fcf8-9441-4b7b-8a0f-9d5ffa717535,5,776d1db2-7fd1-4336-8ca8-1a96e23de9ff
Test Account 82,XXXXX-1232-97,HeldAway,TaxableRetirement,244155.95909015796,598870f3-5140-4a0a-adeb-d03688032630,2018-05-11T22:55:03.030Z,01f2294a-02d2-4aaa-b81b-9de4452d1ba6,5,5404311e-6a87-4cdf-8330-12573fc33df4
Test Account 94,XXXXX-1232-49,HeldAway,TaxableRetirement,196095.76794995542,598870f3-5140-4a0a-adeb-d03688032630,2018-05-11T22:55:03.030Z,01f2294a-02d2-4aaa-b81b-9de4452d1ba6,5,ed326038-d1d1-4846-9a39-4713485bc7d1
Test Account 14,XXXXX-1232-67,HeldAway,TaxableRetirement,133963.6778161236,598870f3-5140-4a0a-adeb-d03688032630,2018-05-11T22:55:03.030Z,e14a966b-6e64-435b-847b-944aed628f37,5,d608c4a7-9d46-4647-9636-f3a8bdd66985
Test Account 34,XXXXX-1232-15,HeldAway,TaxableRetirement,184261.71174227857,598870f3-5140-4a0a-adeb-d03688032630,2018-05-11T22:55:03.030Z,e14a966b-6e64-435b-847b-944aed628f37,5,72dce3d0-0c82-4045-ac8f-ee36d07ac972
Test Account 6,XXXXX-1232-76,HeldAway,TaxableRetirement,929874.6369817927,25dc140d-6465-4ee1-9214-f5c13c5722f4,2018-05-11T22:55:03.035Z,17e70093-eda4-4ce5-9461-818ca187cdf6,5,acf6df16-1444-4b98-90d4-d719e963e030
Test Account 10,XXXXX-1232-63,HeldAway,TaxableRetirement,829038.8320775044,25dc140d-6465-4ee1-9214-f5c13c5722f4,2018-05-11T22:55:03.035Z,17e70093-eda4-4ce5-9461-818ca187cdf6,5,61c088fd-b9d7-40b4-89a9-9632c11a9c97
Test Account 38,XXXXX-1232-3,HeldAway,TaxableRetirement,712176.0957139258,25dc140d-6465-4ee1-9214-f5c13c5722f4,2018-05-11T22:55:03.035Z,fd7d8d70-c5ee-472a-9b63-fa232bff5b9e,5,9429dc34-bce1-46aa-a0d9-6a1f963d5ac3
Test Account 26,XXXXX-1232-40,HeldAway,TaxableRetirement,501758.53173345374,25dc140d-6465-4ee1-9214-f5c13c5722f4,2018-05-11T22:55:03.035Z,fd7d8d70-c5ee-472a-9b63-fa232bff5b9e,5,ebc735a9-3614-4d6e-a0a8-e48665ff2095
Test Account 39,XXXXX-1232-41,HeldAway,TaxableRetirement,828082.2669912832,ec0ad52f-62c6-4b61-9dc8-1461000171d0,2018-05-11T22:55:03.040Z,7e6d5a83-fbd1-4493-93bd-64f4e0dc2894,5,c37d4547-44b5-4056-b1fb-a1a8a6164834
Test Account 35,XXXXX-1232-43,HeldAway,TaxableRetirement,265700.3156991744,ec0ad52f-62c6-4b61-9dc8-1461000171d0,2018-05-11T22:55:03.040Z,7e6d5a83-fbd1-4493-93bd-64f4e0dc2894,5,2a5e2688-482d-42d8-ad95-a6b72bc3e142
Test Account 83,XXXXX-1232-17,HeldAway,TaxableRetirement,462407.01732698694,ec0ad52f-62c6-4b61-9dc8-1461000171d0,2018-05-11T22:55:03.040Z,e7b982c2-5166-440d-9235-f07fae7adb62,5,5d26ad94-fced-4724-9b27-670dd9670d5f
Test Account 4,XXXXX-1232-84,HeldAway,TaxableRetirement,721537.890242677,ec0ad52f-62c6-4b61-9dc8-1461000171d0,2018-05-11T22:55:03.040Z,e7b982c2-5166-440d-9235-f07fae7adb62,5,7925fe3c-d8ef-41fb-b5b1-545030b09a25
Test Account 91,XXXXX-1232-12,HeldAway,TaxableRetirement,510552.05936309276,07fd206b-f30c-4e3d-a01b-2102346ad0db,2018-05-11T22:55:03.045Z,91ff2e97-744b-463d-9377-070b87f739b3,5,fa5efa88-0623-4471-b693-a76029d5c0de
Test Account 5,XXXXX-1232-6,HeldAway,TaxableRetirement,632036.0700150317,07fd206b-f30c-4e3d-a01b-2102346ad0db,2018-05-11T22:55:03.045Z,91ff2e97-744b-463d-9377-070b87f739b3,5,4bac03cc-d720-4fe4-b36c-47bb0eadce3b
Test Account 85,XXXXX-1232-93,HeldAway,TaxableRetirement,953867.7146371745,07fd206b-f30c-4e3d-a01b-2102346ad0db,2018-05-11T22:55:03.045Z,efc14da7-c4e2-4b8d-b682-a573176e0e23,5,f08ad786-536b-4505-bcc3-44527c55f6ba
Test Account 27,XXXXX-1232-5,HeldAway,TaxableRetirement,426747.30840040796,07fd206b-f30c-4e3d-a01b-2102346ad0db,2018-05-11T22:55:03.045Z,efc14da7-c4e2-4b8d-b682-a573176e0e23,5,db937523-a749-41e3-8f85-c81cfe1eec8a
Test Account 58,XXXXX-1232-84,HeldAway,TaxableRetirement,182666.7563677995,93bd043a-17a9-4b1f-9b7e-acfdd012fc01,2018-05-11T22:55:03.051Z,1fba4d88-30aa-4e89-8a74-171de986a4f9,5,1f5c718e-5b8f-483a-ad7c-0208efdb1f2e
Test Account 36,XXXXX-1232-46,HeldAway,TaxableRetirement,753691.3970766932,93bd043a-17a9-4b1f-9b7e-acfdd012fc01,2018-05-11T22:55:03.051Z,1fba4d88-30aa-4e89-8a74-171de986a4f9,5,17a22e97-4287-4db3-a2ce-bc0841c4e091
Test Account 15,XXXXX-1232-7,HeldAway,TaxableRetirement,357986.9336289474,93bd043a-17a9-4b1f-9b7e-acfdd012fc01,2018-05-11T22:55:03.051Z,450aa34a-f1e4-496f-952a-bd8fb44f8708,5,cd5ad070-d6d4-4838-b69c-64461e76b9cd
Test Account 72,XXXXX-1232-79,HeldAway,TaxableRetirement,947410.7174851849,93bd043a-17a9-4b1f-9b7e-acfdd012fc01,2018-05-11T22:55:03.051Z,450aa34a-f1e4-496f-952a-bd8fb44f8708,5,13d968aa-936a-4b46-94aa-e59c18b8a3d3
Test Account 50,XXXXX-1232-68,HeldAway,TaxableRetirement,120726.80378087863,a265d76f-bb24-47cf-b765-3409a1251b32,2018-05-11T22:55:03.056Z,75445c1a-21e7-4dc9-8b3b-54d1f73da30d,5,1da2b1ad-29cd-4225-8cc9-f5bf96fceda9
Test Account 13,XXXXX-1232-53,HeldAway,TaxableRetirement,713222.0455572193,a265d76f-bb24-47cf-b765-3409a1251b32,2018-05-11T22:55:03.056Z,75445c1a-21e7-4dc9-8b3b-54d1f73da30d,5,0d35e447-7a4a-4768-b511-2f62c8f7bf31
Test Account 99,XXXXX-1232-97,HeldAway,TaxableRetirement,686850.7000661072,a265d76f-bb24-47cf-b765-3409a1251b32,2018-05-11T22:55:03.056Z,1172966b-19ae-4fdd-9056-a1bb497a040f,5,9a78fbce-57ee-49ca-9d61-19719bf98c47
Test Account 30,XXXXX-1232-15,HeldAway,TaxableRetirement,332121.10493874334,a265d76f-bb24-47cf-b765-3409a1251b32,2018-05-11T22:55:03.056Z,1172966b-19ae-4fdd-9056-a1bb497a040f,5,28b1af36-74e6-4e1f-b347-75e3e7eea8b0
Test Account 35,XXXXX-1232-20,HeldAway,TaxableRetirement,349685.6954577694,8bff7bcc-bf35-4669-a7be-c0e5270ab554,2018-05-11T22:55:03.061Z,43498e1d-7b12-4d18-a208-5ded00de0619,5,71fd17d5-78f6-444a-ba7e-479d96be710e
Test Account 2,XXXXX-1232-89,HeldAway,TaxableRetirement,777598.1056396248,8bff7bcc-bf35-4669-a7be-c0e5270ab554,2018-05-11T22:55:03.061Z,43498e1d-7b12-4d18-a208-5ded00de0619,5,47bebf8d-94b8-4bd4-b875-52c2df86d3bb
Test Account 87,XXXXX-1232-14,HeldAway,TaxableRetirement,666213.1400733996,8bff7bcc-bf35-4669-a7be-c0e5270ab554,2018-05-11T22:55:03.061Z,463dc1be-7e6c-4caf-8cec-1b11adac50e9,5,c5e81157-782e-40b2-be17-eb59fbf4ff0d
Test Account 23,XXXXX-1232-42,HeldAway,TaxableRetirement,997422.6866526834,8bff7bcc-bf35-4669-a7be-c0e5270ab554,2018-05-11T22:55:03.061Z,463dc1be-7e6c-4caf-8cec-1b11adac50e9,5,f7d4bbfc-dc17-465b-993a-08b681117408
Test Account 45,XXXXX-1232-64,HeldAway,TaxableRetirement,979069.9547555994,34e2e5d5-69d9-454f-8fa7-96dea462ee4a,2018-05-11T22:55:03.067Z,24165657-b801-43b5-bd1a-d965b3ee6485,5,09077df0-a5df-4798-a4ae-e8a15128fe98
Test Account 46,XXXXX-1232-56,HeldAway,TaxableRetirement,404221.3866195866,34e2e5d5-69d9-454f-8fa7-96dea462ee4a,2018-05-11T22:55:03.067Z,24165657-b801-43b5-bd1a-d965b3ee6485,5,44337b49-0fa3-42b6-b1d8-94536183ecb2
Test Account 67,XXXXX-1232-34,HeldAway,TaxableRetirement,743631.668005584,34e2e5d5-69d9-454f-8fa7-96dea462ee4a,2018-05-11T22:55:03.067Z,ff1915f8-1ed1-4a95-85d3-b83f8972f289,5,85e18909-6bd5-4e10-bbe7-19f169ae4dea
Test Account 25,XXXXX-1232-3,HeldAway,TaxableRetirement,796051.3797389277,34e2e5d5-69d9-454f-8fa7-96dea462ee4a,2018-05-11T22:55:03.067Z,ff1915f8-1ed1-4a95-85d3-b83f8972f289,5,a415dc33-775f-4331-acfd-cbba0b48660b
Test Account 95,XXXXX-1232-86,HeldAway,TaxableRetirement,650849.4419719954,7452461a-1261-4c0a-998f-085aebd40c83,2018-05-11T22:55:03.071Z,706e54c3-56b7-48ef-8fdb-c61d0cdd13b5,5,fdd7e5f3-71ff-414b-9a8f-2a0cd39191af
Test Account 70,XXXXX-1232-16,HeldAway,TaxableRetirement,801566.5074056634,7452461a-1261-4c0a-998f-085aebd40c83,2018-05-11T22:55:03.071Z,706e54c3-56b7-48ef-8fdb-c61d0cdd13b5,5,6b866c34-bfee-4590-951e-ab04db7957fd
Test Account 2,XXXXX-1232-15,HeldAway,TaxableRetirement,85499.83039875231,7452461a-1261-4c0a-998f-085aebd40c83,2018-05-11T22:55:03.071Z,3acfb1d3-1447-4b83-9a5a-af970f4c5303,5,49ffa29f-3467-4b6d-a768-c889a3b3f93b
Test Account 66,XXXXX-1232-25,HeldAway,TaxableRetirement,51479.76621842576,7452461a-1261-4c0a-998f-085aebd40c83,2018-05-11T22:55:03.071Z,3acfb1d3-1447-4b83-9a5a-af970f4c5303,5,d1049dfe-0290-46da-95ad-3672ddc40e4f
Test Account 16,XXXXX-1232-87,HeldAway,TaxableRetirement,823495.5252519653,00c30fda-8141-413c-9b70-bef7d488eab4,2018-05-11T22:55:03.076Z,70aace41-af7b-48eb-9392-f34c8204c010,5,f8a7e81a-536b-43e6-848e-15b41ab42864
Test Account 4,XXXXX-1232-96,HeldAway,TaxableRetirement,244334.57606947873,00c30fda-8141-413c-9b70-bef7d488eab4,2018-05-11T22:55:03.076Z,70aace41-af7b-48eb-9392-f34c8204c010,5,e4d11bde-ab2f-46d4-aa2c-7d7cfb8928e9
Test Account 76,XXXXX-1232-2,HeldAway,TaxableRetirement,881413.0984740809,00c30fda-8141-413c-9b70-bef7d488eab4,2018-05-11T22:55:03.076Z,d899c5f8-8640-425a-8c1a-072da6990672,5,58ae9717-2a26-466b-b2e3-ac198c11f8c4
Test Account 93,XXXXX-1232-71,HeldAway,TaxableRetirement,92507.67628301715,00c30fda-8141-413c-9b70-bef7d488eab4,2018-05-11T22:55:03.076Z,d899c5f8-8640-425a-8c1a-072da6990672,5,8c299869-3c48-47d2-b3e0-49a47be3b567
Test Account 65,XXXXX-1232-90,HeldAway,TaxableRetirement,136897.31418718575,ce751ac0-f9a1-47a7-8811-101f88b82b64,2018-05-11T22:55:03.081Z,167b0ff9-b324-4740-b64b-8098099727e7,5,cb5b269e-bd2b-4679-adc6-a6c819af06ea
Test Account 17,XXXXX-1232-29,HeldAway,TaxableRetirement,587142.850082273,ce751ac0-f9a1-47a7-8811-101f88b82b64,2018-05-11T22:55:03.081Z,167b0ff9-b324-4740-b64b-8098099727e7,5,8a4352e3-58e9-4d5d-95a1-5c8cd185ef05
Test Account 40,XXXXX-1232-99,HeldAway,TaxableRetirement,275786.880247477,ce751ac0-f9a1-47a7-8811-101f88b82b64,2018-05-11T22:55:03.081Z,4e39269e-f6f5-4ed4-bfdd-eac782e1266a,5,0be52e2c-270b-4501-9a04-c9d09261e76c
Test Account 13,XXXXX-1232-90,HeldAway,TaxableRetirement,297980.5337945465,ce751ac0-f9a1-47a7-8811-101f88b82b64,2018-05-11T22:55:03.081Z,4e39269e-f6f5-4ed4-bfdd-eac782e1266a,5,1aaa03f0-1031-4484-bf50-09fc8cb94a5d
Test Account 69,XXXXX-1232-31,HeldAway,TaxableRetirement,461028.19652252615,a6791c5d-9c06-4f90-86ee-36dd59b8735d,2018-05-11T22:55:03.086Z,25713687-bb14-4de9-8e31-30c78cdc53f4,5,74e0a608-a2a5-4c1a-8140-e24f2efad993
Test Account 60,XXXXX-1232-28,HeldAway,TaxableRetirement,949063.6230063738,a6791c5d-9c06-4f90-86ee-36dd59b8735d,2018-05-11T22:55:03.086Z,25713687-bb14-4de9-8e31-30c78cdc53f4,5,67f03d99-1fdd-4464-99ba-b68e35b90e46
Test Account 48,XXXXX-1232-5,HeldAway,TaxableRetirement,651560.7175645028,a6791c5d-9c06-4f90-86ee-36dd59b8735d,2018-05-11T22:55:03.086Z,fc0e33de-d843-4f7e-ad04-b0a0dd96344a,5,ed0eb2aa-f30a-4477-a8cb-44cac7ddffe8
Test Account 13,XXXXX-1232-50,HeldAway,TaxableRetirement,660677.2948096851,a6791c5d-9c06-4f90-86ee-36dd59b8735d,2018-05-11T22:55:03.086Z,fc0e33de-d843-4f7e-ad04-b0a0dd96344a,5,37d584c5-c6aa-4e8c-82ca-d384e93a2d1f
Test Account 59,XXXXX-1232-41,HeldAway,TaxableRetirement,643647.0198565199,ec2de7ec-55e2-4d42-8b87-c59de1e639a8,2018-05-11T22:55:03.090Z,3150339a-e280-46ee-a8b3-d6479c2e6bfe,5,c50df649-4b03-4bf1-b99d-46e50cbd2813
Test Account 63,XXXXX-1232-22,HeldAway,TaxableRetirement,397063.8409034668,ec2de7ec-55e2-4d42-8b87-c59de1e639a8,2018-05-11T22:55:03.090Z,3150339a-e280-46ee-a8b3-d6479c2e6bfe,5,00c28cc5-99c2-4228-a06f-84a57bebef04
Test Account 65,XXXXX-1232-67,HeldAway,TaxableRetirement,333140.8934796446,ec2de7ec-55e2-4d42-8b87-c59de1e639a8,2018-05-11T22:55:03.090Z,9dffa180-fe1e-427d-beb4-875dce367f44,5,bcf85452-57ae-48d0-99eb-460e47c39635
Test Account 14,XXXXX-1232-20,HeldAway,TaxableRetirement,390534.26605855103,ec2de7ec-55e2-4d42-8b87-c59de1e639a8,2018-05-11T22:55:03.090Z,9dffa180-fe1e-427d-beb4-875dce367f44,5,bb10103b-ef73-400d-b4c5-ce41ea9a01fb
Test Account 26,XXXXX-1232-56,HeldAway,TaxableRetirement,735037.303142728,626b83b0-e570-4ba9-b041-9dcc6cca4524,2018-05-11T22:55:03.095Z,580325ad-92fa-47e9-baac-0796e46dd8bf,5,df014993-e12a-44de-9a3d-2b8b58429890
Test Account 20,XXXXX-1232-84,HeldAway,TaxableRetirement,691424.2591173304,626b83b0-e570-4ba9-b041-9dcc6cca4524,2018-05-11T22:55:03.095Z,580325ad-92fa-47e9-baac-0796e46dd8bf,5,93b4c4d7-3b0b-41c6-ba8d-2bf6504e3483
Test Account 87,XXXXX-1232-35,HeldAway,TaxableRetirement,987328.2842869305,626b83b0-e570-4ba9-b041-9dcc6cca4524,2018-05-11T22:55:03.095Z,cc3c780a-4641-4147-b334-480061e19607,5,8e7bb60f-5af1-41da-b156-d67e5226646d
Test Account 45,XXXXX-1232-93,HeldAway,TaxableRetirement,914926.1963917065,626b83b0-e570-4ba9-b041-9dcc6cca4524,2018-05-11T22:55:03.095Z,cc3c780a-4641-4147-b334-480061e19607,5,839e7d32-69ac-4936-9b60-14bdd8a91935
Test Account 83,XXXXX-1232-49,HeldAway,TaxableRetirement,525682.3457540533,3fc9d467-00c8-4f0b-997b-482bd8887ee5,2018-05-11T22:55:03.099Z,45cc163f-b674-4639-b724-98fd0d3078df,5,3e417db7-0c66-4f3b-ba1a-10ef2a923415
Test Account 4,XXXXX-1232-13,HeldAway,TaxableRetirement,462826.0479611118,3fc9d467-00c8-4f0b-997b-482bd8887ee5,2018-05-11T22:55:03.099Z,45cc163f-b674-4639-b724-98fd0d3078df,5,d99a4fc1-cff3-4191-a5bd-91643be16647
Test Account 17,XXXXX-1232-40,HeldAway,TaxableRetirement,244194.2467197049,3fc9d467-00c8-4f0b-997b-482bd8887ee5,2018-05-11T22:55:03.099Z,cc063123-7b18-4eb1-a0be-0c08ad1ac2b0,5,7613a927-c67e-419d-8df6-1a0e8774e366
Test Account 28,XXXXX-1232-94,HeldAway,TaxableRetirement,66631.54399067772,3fc9d467-00c8-4f0b-997b-482bd8887ee5,2018-05-11T22:55:03.099Z,cc063123-7b18-4eb1-a0be-0c08ad1ac2b0,5,0786577b-e4ae-4c88-a385-e774c0350b34
Test Account 64,XXXXX-1232-29,HeldAway,TaxableRetirement,869873.4383361759,ca225e0b-3956-49a3-8458-a588eed423c1,2018-05-11T22:55:03.104Z,c889a548-9b33-46f4-a64c-cad1ddde0ee3,5,b9d8d568-9d88-413c-9fa1-8629adeff852
Test Account 81,XXXXX-1232-52,HeldAway,TaxableRetirement,221611.74654427083,ca225e0b-3956-49a3-8458-a588eed423c1,2018-05-11T22:55:03.104Z,c889a548-9b33-46f4-a64c-cad1ddde0ee3,5,d91478b2-efc1-43e6-a57e-381df56790bd
Test Account 74,XXXXX-1232-21,HeldAway,TaxableRetirement,541066.3270414859,ca225e0b-3956-49a3-8458-a588eed423c1,2018-05-11T22:55:03.104Z,a53b9ca6-326f-408f-b86c-82a9ba37c3a7,5,d6806ca5-b213-4ab9-ae71-147f46925501
Test Account 0,XXXXX-1232-61,HeldAway,TaxableRetirement,54253.78325094643,ca225e0b-3956-49a3-8458-a588eed423c1,2018-05-11T22:55:03.104Z,a53b9ca6-326f-408f-b86c-82a9ba37c3a7,5,79ff4f1e-8438-4117-b98b-920a208295ad
Test Account 59,XXXXX-1232-27,HeldAway,TaxableRetirement,454986.6372136375,83199733-0066-4438-ad13-de0d7159cb2e,2018-05-11T22:55:03.109Z,7441629d-ec61-45d6-8fb7-49f805edcb08,5,ffe02798-aa04-4117-a796-476ae59e3e64
Test Account 45,XXXXX-1232-86,HeldAway,TaxableRetirement,541995.6210309953,83199733-0066-4438-ad13-de0d7159cb2e,2018-05-11T22:55:03.109Z,7441629d-ec61-45d6-8fb7-49f805edcb08,5,90110d27-4fa0-4bdd-94c1-eb56e3d773d3
Test Account 68,XXXXX-1232-70,HeldAway,TaxableRetirement,366993.36623132497,83199733-0066-4438-ad13-de0d7159cb2e,2018-05-11T22:55:03.109Z,83518cc9-8158-43e9-bfc2-2db9ba6f75b7,5,ca6f4c02-47df-45b3-8052-63849a0c3da2
Test Account 74,XXXXX-1232-49,HeldAway,TaxableRetirement,184183.97125572673,83199733-0066-4438-ad13-de0d7159cb2e,2018-05-11T22:55:03.109Z,83518cc9-8158-43e9-bfc2-2db9ba6f75b7,5,4e5ec66d-5824-4248-ba7f-66e41a0ef4eb
Test Account 47,XXXXX-1232-56,HeldAway,TaxableRetirement,389764.5108958292,8e22b01a-8088-4543-a248-26c354e56dd8,2018-05-11T22:55:03.113Z,626ccc37-c94f-43b0-9324-720fbe7a60a8,5,60e6d1d1-3e6e-40f0-a9a2-43f68a577855
Test Account 3,XXXXX-1232-18,HeldAway,TaxableRetirement,765905.0705868241,8e22b01a-8088-4543-a248-26c354e56dd8,2018-05-11T22:55:03.113Z,626ccc37-c94f-43b0-9324-720fbe7a60a8,5,fbd7cba0-cc0b-4da6-87bd-7ecf60471401
Test Account 78,XXXXX-1232-91,HeldAway,TaxableRetirement,443136.3354671751,8e22b01a-8088-4543-a248-26c354e56dd8,2018-05-11T22:55:03.113Z,057ff283-ddd1-43b4-a593-8dea329b6f5e,5,9c543fda-9602-4e9b-994a-c751872eb95a
Test Account 75,XXXXX-1232-80,HeldAway,TaxableRetirement,122146.4445485444,8e22b01a-8088-4543-a248-26c354e56dd8,2018-05-11T22:55:03.113Z,057ff283-ddd1-43b4-a593-8dea329b6f5e,5,9163995d-e2d4-4606-b3bd-06a29a3f2157
Test Account 61,XXXXX-1232-7,HeldAway,TaxableRetirement,850574.5539443447,3e5b5583-9b96-4abb-acf8-50997a315fcd,2018-05-11T22:55:03.119Z,d53e0fca-b036-4462-aa85-ffd7de11ef09,5,87b2a586-3654-41be-af39-c61037b5c07a
Test Account 81,XXXXX-1232-89,HeldAway,TaxableRetirement,899097.1784079989,3e5b5583-9b96-4abb-acf8-50997a315fcd,2018-05-11T22:55:03.119Z,d53e0fca-b036-4462-aa85-ffd7de11ef09,5,365b629f-215c-4916-bec4-22c99ca18b43
Test Account 52,XXXXX-1232-32,HeldAway,TaxableRetirement,35520.675611727005,3e5b5583-9b96-4abb-acf8-50997a315fcd,2018-05-11T22:55:03.119Z,f173fda8-556a-48fa-a579-9587d0dd97a2,5,685f346e-a9fc-470c-9131-5ef440df675e
Test Account 31,XXXXX-1232-22,HeldAway,TaxableRetirement,638822.3097471673,3e5b5583-9b96-4abb-acf8-50997a315fcd,2018-05-11T22:55:03.119Z,f173fda8-556a-48fa-a579-9587d0dd97a2,5,dcf4e8e5-7aed-4e4e-ab9e-ffe79fc53be9
Test Account 87,XXXXX-1232-28,HeldAway,TaxableRetirement,906304.8515387415,fd7c4b7a-dbc1-4b35-8bd2-3cfb192cd32c,2018-05-11T22:55:03.123Z,84d04866-1e59-4821-ada8-0f6723b97567,5,cd25f0e6-fcd2-4769-ad5a-8d4ba630685f
Test Account 33,XXXXX-1232-9,HeldAway,TaxableRetirement,709266.5340846858,fd7c4b7a-dbc1-4b35-8bd2-3cfb192cd32c,2018-05-11T22:55:03.123Z,84d04866-1e59-4821-ada8-0f6723b97567,5,3f4cb593-343f-4e04-bc00-6553f3149082
Test Account 43,XXXXX-1232-67,HeldAway,TaxableRetirement,209137.9358603336,fd7c4b7a-dbc1-4b35-8bd2-3cfb192cd32c,2018-05-11T22:55:03.123Z,411edf5e-023a-4613-81ff-520e53055827,5,88a6136e-5c39-4f22-970b-db7ad93f613d
Test Account 83,XXXXX-1232-71,HeldAway,TaxableRetirement,907552.377221904,fd7c4b7a-dbc1-4b35-8bd2-3cfb192cd32c,2018-05-11T22:55:03.123Z,411edf5e-023a-4613-81ff-520e53055827,5,66ffcff3-2393-43bb-a27c-756616f950e3
Test Account 11,XXXXX-1232-65,HeldAway,TaxableRetirement,343893.4968416104,fc0c0b9a-1ed0-4aa2-871b-efed9e047804,2018-05-11T22:55:03.128Z,cd499c3f-5a52-4191-b9a4-a5eaaf67c4c9,5,4520ed1d-f6db-4d62-93d5-8fbb6e17255a
Test Account 46,XXXXX-1232-72,HeldAway,TaxableRetirement,112649.96203954758,fc0c0b9a-1ed0-4aa2-871b-efed9e047804,2018-05-11T22:55:03.128Z,cd499c3f-5a52-4191-b9a4-a5eaaf67c4c9,5,21cea9e0-0984-4b85-bb27-606f1225b598
Test Account 4,XXXXX-1232-75,HeldAway,TaxableRetirement,820430.8705231625,fc0c0b9a-1ed0-4aa2-871b-efed9e047804,2018-05-11T22:55:03.128Z,1b1b83ae-0ba9-467a-ae2f-a0395fe6290d,5,406adf3f-79fb-47bb-a64f-756441d66ecb
Test Account 22,XXXXX-1232-34,HeldAway,TaxableRetirement,39153.63741529676,fc0c0b9a-1ed0-4aa2-871b-efed9e047804,2018-05-11T22:55:03.128Z,1b1b83ae-0ba9-467a-ae2f-a0395fe6290d,5,94a35108-bd2f-4534-988e-1096b81e5272
Test Account 94,XXXXX-1232-81,HeldAway,TaxableRetirement,332669.0121383456,10a1b19f-afab-44e0-a436-0e948c9fe675,2018-05-11T22:55:03.136Z,6f0cc71d-818c-4251-be66-dcdcbeb8468e,5,3f596409-0179-436b-b2aa-68bd4064f914
Test Account 23,XXXXX-1232-85,HeldAway,TaxableRetirement,716395.997418216,10a1b19f-afab-44e0-a436-0e948c9fe675,2018-05-11T22:55:03.136Z,6f0cc71d-818c-4251-be66-dcdcbeb8468e,5,8fd408c8-7613-4a6a-b74f-2f27b993ed44
Test Account 0,XXXXX-1232-94,HeldAway,TaxableRetirement,14247.667650600815,10a1b19f-afab-44e0-a436-0e948c9fe675,2018-05-11T22:55:03.136Z,55cea45b-382d-4f33-bbac-af5b6476db03,5,1fdd3a4c-2276-474c-be91-6970e2da78c1
Test Account 26,XXXXX-1232-2,HeldAway,TaxableRetirement,772607.2888302233,10a1b19f-afab-44e0-a436-0e948c9fe675,2018-05-11T22:55:03.136Z,55cea45b-382d-4f33-bbac-af5b6476db03,5,d2149c5b-cdda-4792-9195-076b9d9252da
Test Account 14,XXXXX-1232-19,HeldAway,TaxableRetirement,59433.42162619214,0dd0cbde-7285-40bb-af22-ddd13658ca24,2018-05-11T22:55:03.140Z,af437006-29c9-4a62-81a7-eb5f59c361d8,5,85ec8b8a-80c0-4293-9c18-814c283ef881
Test Account 72,XXXXX-1232-52,HeldAway,TaxableRetirement,311789.6409902233,0dd0cbde-7285-40bb-af22-ddd13658ca24,2018-05-11T22:55:03.140Z,af437006-29c9-4a62-81a7-eb5f59c361d8,5,59353121-29ff-4b93-81f4-c3ecf6e57943
Test Account 60,XXXXX-1232-14,HeldAway,TaxableRetirement,143126.9431753085,0dd0cbde-7285-40bb-af22-ddd13658ca24,2018-05-11T22:55:03.140Z,1e87f2d1-635c-491d-89b3-b679bb621913,5,7afe5f3f-ceb0-40f5-a324-b9bd70816218
Test Account 7,XXXXX-1232-69,HeldAway,TaxableRetirement,428864.03153888887,0dd0cbde-7285-40bb-af22-ddd13658ca24,2018-05-11T22:55:03.140Z,1e87f2d1-635c-491d-89b3-b679bb621913,5,8213c7fb-1547-4798-b69c-08b7e432ccc7
Test Account 83,XXXXX-1232-60,HeldAway,TaxableRetirement,521589.0137841783,0a0ec228-6851-461b-a0b2-ed02ccdd8297,2018-05-11T22:55:03.145Z,3e4aba0d-180f-4596-889e-2cf3e4bb3bbe,5,1a4eebd7-b7f9-4cbe-85be-f308fd70bf5e
Test Account 77,XXXXX-1232-99,HeldAway,TaxableRetirement,449635.32277090655,0a0ec228-6851-461b-a0b2-ed02ccdd8297,2018-05-11T22:55:03.145Z,3e4aba0d-180f-4596-889e-2cf3e4bb3bbe,5,f79c88b9-36e3-4b30-8179-9fc2d8f6851f
Test Account 36,XXXXX-1232-97,HeldAway,TaxableRetirement,711004.2595421495,0a0ec228-6851-461b-a0b2-ed02ccdd8297,2018-05-11T22:55:03.145Z,347eb177-fd5f-42b5-bab3-d0117d633b87,5,a87cceb0-dd3c-402f-b60f-d8237cdb4501
Test Account 22,XXXXX-1232-60,HeldAway,TaxableRetirement,378089.92069418024,0a0ec228-6851-461b-a0b2-ed02ccdd8297,2018-05-11T22:55:03.145Z,347eb177-fd5f-42b5-bab3-d0117d633b87,5,a6c6ba2a-9608-444a-aea4-dba50cef4419
Test Account 65,XXXXX-1232-36,HeldAway,TaxableRetirement,604704.3259181447,97f81c1a-4f05-45e2-bef1-1f6fe5f7ba6e,2018-05-11T22:55:03.150Z,1e845dbe-f1f7-49ef-85ae-ee9f660b44eb,5,567001ed-1c95-4c19-8702-ee26d7d3bf82
Test Account 0,XXXXX-1232-20,HeldAway,TaxableRetirement,303340.45410783985,97f81c1a-4f05-45e2-bef1-1f6fe5f7ba6e,2018-05-11T22:55:03.150Z,1e845dbe-f1f7-49ef-85ae-ee9f660b44eb,5,ec88d958-ff34-45e0-9983-fdb0ed67f653
Test Account 46,XXXXX-1232-37,HeldAway,TaxableRetirement,7047.76713436861,97f81c1a-4f05-45e2-bef1-1f6fe5f7ba6e,2018-05-11T22:55:03.150Z,0a515559-724a-4a28-9d94-1887470e012a,5,1701ab2d-1eb8-4146-95cc-31544ac1ca05
Test Account 14,XXXXX-1232-50,HeldAway,TaxableRetirement,996778.1361671047,97f81c1a-4f05-45e2-bef1-1f6fe5f7ba6e,2018-05-11T22:55:03.150Z,0a515559-724a-4a28-9d94-1887470e012a,5,a8d9699e-7acd-4b48-88f1-47910a02d872
Test Account 66,XXXXX-1232-50,HeldAway,TaxableRetirement,900066.1179807538,b7b829b9-f628-4f54-b5e8-73edb1e78e1a,2018-05-11T22:55:03.155Z,a29c840f-f8ba-483f-b30c-c3356fdf3718,5,fa4d21ba-d149-4eb3-964a-f777b147047e
Test Account 86,XXXXX-1232-43,HeldAway,TaxableRetirement,243812.08271296605,b7b829b9-f628-4f54-b5e8-73edb1e78e1a,2018-05-11T22:55:03.155Z,a29c840f-f8ba-483f-b30c-c3356fdf3718,5,4705f206-8dcf-4126-82f7-ca588c23bd7c
Test Account 67,XXXXX-1232-4,HeldAway,TaxableRetirement,470418.30159195117,b7b829b9-f628-4f54-b5e8-73edb1e78e1a,2018-05-11T22:55:03.155Z,75a6da67-8e0f-456f-ae46-aaa2107168e5,5,f9ef1873-ee71-4c53-b542-9c5307561c85
Test Account 3,XXXXX-1232-3,HeldAway,TaxableRetirement,866854.3630329574,b7b829b9-f628-4f54-b5e8-73edb1e78e1a,2018-05-11T22:55:03.155Z,75a6da67-8e0f-456f-ae46-aaa2107168e5,5,aa4ec4bb-9638-41f7-b22f-6e06d0126c2e
Test Account 62,XXXXX-1232-59,HeldAway,TaxableRetirement,300736.50109768903,33778c82-e162-4a29-bd00-36e95488c594,2018-05-11T22:55:03.161Z,8f5d4bf7-55ad-4f1b-8b41-e1a4b63f01db,5,3f3bcaa2-cf33-49a9-8cf7-8bc608d0ba7a
Test Account 41,XXXXX-1232-88,HeldAway,TaxableRetirement,291721.655372294,33778c82-e162-4a29-bd00-36e95488c594,2018-05-11T22:55:03.161Z,8f5d4bf7-55ad-4f1b-8b41-e1a4b63f01db,5,3c0bc74f-709d-4ea6-af43-844548b44a2e
Test Account 82,XXXXX-1232-84,HeldAway,TaxableRetirement,829921.2831410674,33778c82-e162-4a29-bd00-36e95488c594,2018-05-11T22:55:03.162Z,b4bcb7fb-df1d-442c-b23a-b18dc10fa49a,5,b5fb193c-87eb-4e51-84c1-cc432eb18bb2
Test Account 65,XXXXX-1232-68,HeldAway,TaxableRetirement,555042.0183426534,33778c82-e162-4a29-bd00-36e95488c594,2018-05-11T22:55:03.162Z,b4bcb7fb-df1d-442c-b23a-b18dc10fa49a,5,6293e037-48ea-4760-bfa4-3d5e0f7a6dbf
Test Account 43,XXXXX-1232-54,HeldAway,TaxableRetirement,551781.8239744914,0442c51b-e7bb-4fd2-ab1b-c939f16b7bce,2018-05-11T22:55:03.167Z,12d4d2cc-421e-4152-a229-a073fb37fcca,5,1f962dd3-d708-4cb7-95fd-0f01bf319877
Test Account 7,XXXXX-1232-94,HeldAway,TaxableRetirement,670717.5220063984,0442c51b-e7bb-4fd2-ab1b-c939f16b7bce,2018-05-11T22:55:03.167Z,12d4d2cc-421e-4152-a229-a073fb37fcca,5,6363ae6f-040a-4b4d-977b-cf43f0d59d9b
Test Account 49,XXXXX-1232-35,HeldAway,TaxableRetirement,159625.92669612952,0442c51b-e7bb-4fd2-ab1b-c939f16b7bce,2018-05-11T22:55:03.167Z,7c5e7fb1-56ab-428a-bdb4-252332f0ef01,5,62837d0a-deb6-4d6d-99f3-cff6c311ca2a
Test Account 72,XXXXX-1232-99,HeldAway,TaxableRetirement,273.1865911047571,0442c51b-e7bb-4fd2-ab1b-c939f16b7bce,2018-05-11T22:55:03.167Z,7c5e7fb1-56ab-428a-bdb4-252332f0ef01,5,1c8bc1f4-77e0-4f31-aa73-3b9a1bf8b1ec
Test Account 25,XXXXX-1232-9,HeldAway,TaxableRetirement,953886.5169522051,b084007e-bb3a-480e-a1b0-c39803c64e93,2018-05-11T22:55:03.171Z,10248690-74ee-4f82-a464-4f8c9b45e7b4,5,c75ac0d5-f2bb-4771-aa58-d38c383eff3e
Test Account 80,XXXXX-1232-63,HeldAway,TaxableRetirement,700350.6411247415,b084007e-bb3a-480e-a1b0-c39803c64e93,2018-05-11T22:55:03.171Z,10248690-74ee-4f82-a464-4f8c9b45e7b4,5,396f9483-de73-4b8b-a3b3-541b3c7ae77c
Test Account 17,XXXXX-1232-37,HeldAway,TaxableRetirement,312859.6529491311,b084007e-bb3a-480e-a1b0-c39803c64e93,2018-05-11T22:55:03.171Z,fd026efa-7b83-40e2-acc3-8e3c402a039f,5,914a6b8b-b7bf-4b30-8b2f-d294efd69309
Test Account 49,XXXXX-1232-81,HeldAway,TaxableRetirement,490891.5822390261,b084007e-bb3a-480e-a1b0-c39803c64e93,2018-05-11T22:55:03.171Z,fd026efa-7b83-40e2-acc3-8e3c402a039f,5,38778ea3-1271-4777-af13-4db46973641c
Test Account 44,XXXXX-1232-79,HeldAway,TaxableRetirement,996395.1923650191,7e9125c3-38d3-4e0f-93a6-8a9b764f4714,2018-05-11T22:55:03.176Z,f86f7f49-7318-4a04-9efd-476bf710520b,5,aab63e79-921c-4e49-b04c-a4679c3269cb
Test Account 94,XXXXX-1232-70,HeldAway,TaxableRetirement,620405.6308720486,7e9125c3-38d3-4e0f-93a6-8a9b764f4714,2018-05-11T22:55:03.176Z,f86f7f49-7318-4a04-9efd-476bf710520b,5,f3ca863b-3179-4866-a8ee-4dcec5573e87
Test Account 48,XXXXX-1232-73,HeldAway,TaxableRetirement,869358.7846794872,7e9125c3-38d3-4e0f-93a6-8a9b764f4714,2018-05-11T22:55:03.176Z,e4fce1e5-3bfe-4556-8948-6df97b17d6e6,5,f2f7aa4b-6a55-41f6-acdf-b5d2ba595dc7
Test Account 94,XXXXX-1232-90,HeldAway,TaxableRetirement,242760.5898146481,7e9125c3-38d3-4e0f-93a6-8a9b764f4714,2018-05-11T22:55:03.176Z,e4fce1e5-3bfe-4556-8948-6df97b17d6e6,5,29f36ee0-2043-475d-87a4-90093c2237db
Test Account 26,XXXXX-1232-65,HeldAway,TaxableRetirement,60463.79200287455,3f055ee5-d7dd-4331-b057-5f8b3cefc051,2018-05-11T22:55:03.181Z,726ca375-8393-4269-8788-f36b2bbcff4e,5,d31aa777-fc56-4619-8f2b-e4e1e1bce43e
Test Account 45,XXXXX-1232-47,HeldAway,TaxableRetirement,858031.2356670839,3f055ee5-d7dd-4331-b057-5f8b3cefc051,2018-05-11T22:55:03.181Z,726ca375-8393-4269-8788-f36b2bbcff4e,5,28856d64-fbb7-416d-9ece-53108d6579d6
Test Account 20,XXXXX-1232-94,HeldAway,TaxableRetirement,123759.50757646193,3f055ee5-d7dd-4331-b057-5f8b3cefc051,2018-05-11T22:55:03.181Z,42870544-e590-431d-a569-9f03702f1ea6,5,d7d64217-2709-4e8a-aa3f-16af78fbfff7
Test Account 4,XXXXX-1232-60,HeldAway,TaxableRetirement,11547.96355333998,3f055ee5-d7dd-4331-b057-5f8b3cefc051,2018-05-11T22:55:03.181Z,42870544-e590-431d-a569-9f03702f1ea6,5,4b6b1421-2f3c-4424-a20f-fc4b41b05dc7
Test Account 49,XXXXX-1232-20,HeldAway,TaxableRetirement,954650.7316294718,899a5fe5-304e-443d-82cf-80aa13d47b45,2018-05-11T22:55:03.185Z,514cb61b-3cd1-42a5-85e5-5032576b0e57,5,14adafdb-7c6e-4d4a-9170-0d8a90b910d6
Test Account 67,XXXXX-1232-5,HeldAway,TaxableRetirement,421981.58867501566,899a5fe5-304e-443d-82cf-80aa13d47b45,2018-05-11T22:55:03.185Z,514cb61b-3cd1-42a5-85e5-5032576b0e57,5,582831e1-349b-4bf1-9a14-72c0d1897885
Test Account 31,XXXXX-1232-33,HeldAway,TaxableRetirement,911305.2674588095,899a5fe5-304e-443d-82cf-80aa13d47b45,2018-05-11T22:55:03.185Z,e42afd09-ca58-455e-be87-7d94c0a8010f,5,f75af9d4-4196-49ef-af8c-e3df9ad8cc17
Test Account 61,XXXXX-1232-67,HeldAway,TaxableRetirement,902576.5307053592,899a5fe5-304e-443d-82cf-80aa13d47b45,2018-05-11T22:55:03.185Z,e42afd09-ca58-455e-be87-7d94c0a8010f,5,320c6af2-a8cf-4d05-b052-fae01cccdb36
Test Account 98,XXXXX-1232-38,HeldAway,TaxableRetirement,764132.7597688758,76ab3cfc-f0c2-4106-9469-998e69ce545c,2018-05-11T22:55:03.190Z,7d71887d-b52e-420a-950f-f5f9b988c467,5,af8e9205-cd33-4c2d-a005-d62a50b42ea8
Test Account 63,XXXXX-1232-31,HeldAway,TaxableRetirement,854101.7353386605,76ab3cfc-f0c2-4106-9469-998e69ce545c,2018-05-11T22:55:03.190Z,7d71887d-b52e-420a-950f-f5f9b988c467,5,f915737f-76fe-4b27-b549-84d6ff262781
Test Account 87,XXXXX-1232-92,HeldAway,TaxableRetirement,888874.2874395021,76ab3cfc-f0c2-4106-9469-998e69ce545c,2018-05-11T22:55:03.190Z,affac72e-0a4f-401b-895a-2f157647e098,5,b156403f-377e-4a7a-9fe5-392b066a5805
Test Account 30,XXXXX-1232-66,HeldAway,TaxableRetirement,360305.52221599064,76ab3cfc-f0c2-4106-9469-998e69ce545c,2018-05-11T22:55:03.190Z,affac72e-0a4f-401b-895a-2f157647e098,5,399b015a-655a-4bfe-b061-2cfe5e75f19a
Test Account 87,XXXXX-1232-27,HeldAway,TaxableRetirement,943889.3978765666,e9acbd2e-c638-4135-95eb-8978201eef63,2018-05-11T22:55:03.194Z,550967d3-72dd-4cd0-bec2-2ccb6e301c78,5,0ee4846a-2afb-4b48-8fd9-f5daffa9518b
Test Account 62,XXXXX-1232-93,HeldAway,TaxableRetirement,280243.8882158145,e9acbd2e-c638-4135-95eb-8978201eef63,2018-05-11T22:55:03.194Z,550967d3-72dd-4cd0-bec2-2ccb6e301c78,5,f249e973-cee9-42ad-bf20-380bbd1a7aca
Test Account 42,XXXXX-1232-56,HeldAway,TaxableRetirement,112156.38215738289,e9acbd2e-c638-4135-95eb-8978201eef63,2018-05-11T22:55:03.194Z,0a1838fd-0d33-427f-973e-1250ee16927b,5,70ade8f5-de2f-47b1-921d-9612d4169b6b
Test Account 3,XXXXX-1232-25,HeldAway,TaxableRetirement,289320.4709155384,e9acbd2e-c638-4135-95eb-8978201eef63,2018-05-11T22:55:03.194Z,0a1838fd-0d33-427f-973e-1250ee16927b,5,470db612-3984-40cb-b751-899a7f891184
Test Account 37,XXXXX-1232-99,HeldAway,TaxableRetirement,746920.1019654782,d62c78e7-2f89-40be-95fb-759074c0356e,2018-05-11T22:55:03.199Z,8e495680-230a-488c-9721-2f796bd7267e,5,d90752d5-f228-4b8a-89bf-d2567de6f988
Test Account 53,XXXXX-1232-90,HeldAway,TaxableRetirement,731905.4869267828,d62c78e7-2f89-40be-95fb-759074c0356e,2018-05-11T22:55:03.199Z,8e495680-230a-488c-9721-2f796bd7267e,5,79db2406-eb89-414e-af7e-d229a1cddf55
Test Account 44,XXXXX-1232-8,HeldAway,TaxableRetirement,641123.655493679,d62c78e7-2f89-40be-95fb-759074c0356e,2018-05-11T22:55:03.199Z,ae398e95-0c94-4fe7-a767-af9a4f520566,5,496b0064-6d4b-4742-9deb-62663c9a797d
Test Account 51,XXXXX-1232-74,HeldAway,TaxableRetirement,543637.0035090117,d62c78e7-2f89-40be-95fb-759074c0356e,2018-05-11T22:55:03.199Z,ae398e95-0c94-4fe7-a767-af9a4f520566,5,8e5bc093-152c-4273-b4ee-85a2f039ce5e
Test Account 76,XXXXX-1232-36,HeldAway,TaxableRetirement,97691.88262213046,899954ab-3661-4fdd-b0fd-74c0166d5592,2018-05-11T22:55:03.204Z,121b1d8d-cfbf-4453-ac8b-fe1e68ccb6dc,5,58c77e83-b0bd-4075-b93d-1d0b40d78f6c
Test Account 75,XXXXX-1232-59,HeldAway,TaxableRetirement,401808.3303960254,899954ab-3661-4fdd-b0fd-74c0166d5592,2018-05-11T22:55:03.204Z,121b1d8d-cfbf-4453-ac8b-fe1e68ccb6dc,5,d2799883-460c-4255-bed6-60195848aa36
Test Account 9,XXXXX-1232-61,HeldAway,TaxableRetirement,34049.97364877005,899954ab-3661-4fdd-b0fd-74c0166d5592,2018-05-11T22:55:03.204Z,00054626-82c5-4de5-bae7-4e1f29522b70,5,2ffdeafc-a5e3-4c3a-bf80-fdeb14672e6d
Test Account 19,XXXXX-1232-8,HeldAway,TaxableRetirement,893906.6509576773,899954ab-3661-4fdd-b0fd-74c0166d5592,2018-05-11T22:55:03.204Z,00054626-82c5-4de5-bae7-4e1f29522b70,5,46f76c2e-d236-4a4c-890e-093170b59f7a
Test Account 99,XXXXX-1232-84,HeldAway,TaxableRetirement,950815.8864733246,738e4043-eb8b-43e3-9d42-fde73654397b,2018-05-11T22:55:03.209Z,cc975883-41c6-44b3-977c-77a08dc09122,5,185f99ae-d667-496c-8304-86dbc95d4e61
Test Account 91,XXXXX-1232-64,HeldAway,TaxableRetirement,874598.730966065,738e4043-eb8b-43e3-9d42-fde73654397b,2018-05-11T22:55:03.209Z,cc975883-41c6-44b3-977c-77a08dc09122,5,21dd7eb9-43be-4af8-938e-bb8cc4bbd472
Test Account 23,XXXXX-1232-3,HeldAway,TaxableRetirement,858296.4951135945,738e4043-eb8b-43e3-9d42-fde73654397b,2018-05-11T22:55:03.209Z,1aa648cf-41ed-4a72-8b6f-fa1cdd47c4a0,5,7ba36805-70b8-4420-bb4f-38fd87c25a3d
Test Account 43,XXXXX-1232-10,HeldAway,TaxableRetirement,186048.64958076784,738e4043-eb8b-43e3-9d42-fde73654397b,2018-05-11T22:55:03.209Z,1aa648cf-41ed-4a72-8b6f-fa1cdd47c4a0,5,3dc08478-a1c3-4f70-9aba-c399436cb7f2
Test Account 74,XXXXX-1232-39,HeldAway,TaxableRetirement,76654.26762946104,43966f80-ae2b-4573-8223-45b7dc162882,2018-05-11T22:55:03.214Z,1c486a22-30cf-4877-ac6e-a2832497105e,5,4441c79a-f0dc-498c-a33d-739c2c98105e
Test Account 43,XXXXX-1232-35,HeldAway,TaxableRetirement,188648.57501293387,43966f80-ae2b-4573-8223-45b7dc162882,2018-05-11T22:55:03.214Z,1c486a22-30cf-4877-ac6e-a2832497105e,5,bded3bf4-67ca-4de4-b3db-9c2635597e12
Test Account 56,XXXXX-1232-30,HeldAway,TaxableRetirement,499667.1545713646,43966f80-ae2b-4573-8223-45b7dc162882,2018-05-11T22:55:03.214Z,31a9e097-7e7e-4fcf-bef1-2f35634e0f3c,5,63164d36-55b3-4c6e-8b74-45cd7fcd3a28
Test Account 38,XXXXX-1232-19,HeldAway,TaxableRetirement,867598.7940214778,43966f80-ae2b-4573-8223-45b7dc162882,2018-05-11T22:55:03.214Z,31a9e097-7e7e-4fcf-bef1-2f35634e0f3c,5,8e3c2a0f-f299-4a28-aa90-666fec527754
Test Account 61,XXXXX-1232-41,HeldAway,TaxableRetirement,99380.26680022449,72c0ac27-3dc2-477f-9463-7032b345648f,2018-05-11T22:55:03.219Z,d82e3adc-f870-463e-ad60-7f956b192d70,5,f42a3faa-c4ed-4c01-8a09-a9a274bd017c
Test Account 97,XXXXX-1232-7,HeldAway,TaxableRetirement,136715.93542592108,72c0ac27-3dc2-477f-9463-7032b345648f,2018-05-11T22:55:03.219Z,d82e3adc-f870-463e-ad60-7f956b192d70,5,c5952490-6a6d-4458-9c42-3cfa7fe58fce
Test Account 81,XXXXX-1232-6,HeldAway,TaxableRetirement,508518.9108532087,72c0ac27-3dc2-477f-9463-7032b345648f,2018-05-11T22:55:03.219Z,eab09a79-2ace-4af8-a695-e96674b055ef,5,6969664c-b4cc-4b60-bc5b-97058c0fac6e
Test Account 17,XXXXX-1232-31,HeldAway,TaxableRetirement,836514.4694118735,72c0ac27-3dc2-477f-9463-7032b345648f,2018-05-11T22:55:03.219Z,eab09a79-2ace-4af8-a695-e96674b055ef,5,5a11a756-59f1-45de-9458-339e3a20fa8a
Test Account 7,XXXXX-1232-34,HeldAway,TaxableRetirement,968488.6525392156,b18631fa-1975-4f49-a74f-93c738d303db,2018-05-11T22:55:03.223Z,6aa5b0f3-5a59-4e4f-ab63-18eb02f60a4e,5,ba0ee6e4-684d-4492-a4bb-e17d132de7b2
Test Account 23,XXXXX-1232-79,HeldAway,TaxableRetirement,679939.3337844433,b18631fa-1975-4f49-a74f-93c738d303db,2018-05-11T22:55:03.223Z,6aa5b0f3-5a59-4e4f-ab63-18eb02f60a4e,5,5bdb6d97-6538-4016-917e-f58ae4a6b306
Test Account 14,XXXXX-1232-24,HeldAway,TaxableRetirement,346929.24397965305,b18631fa-1975-4f49-a74f-93c738d303db,2018-05-11T22:55:03.223Z,029a989f-5f69-4315-9324-9374064c6221,5,c45d7348-c93b-40bc-a730-4a67f162158e
Test Account 45,XXXXX-1232-89,HeldAway,TaxableRetirement,433223.5605550894,b18631fa-1975-4f49-a74f-93c738d303db,2018-05-11T22:55:03.224Z,029a989f-5f69-4315-9324-9374064c6221,5,98c6fec3-2087-457f-a5b0-abb12f54ce90
