5,T3_STOCK_US_LARGE_CAP,100.0,2018-05-11T22:55:01.618Z,SPDR S&P 500 ETF Trust,,a804e826-65a1-4089-84c9-c44f60e3c4c4,327.71192580079503,48.0,SPY,553845.0015622219
5,T3_STOCK_US_LARGE_CAP,100.0,2018-05-11T22:55:01.619Z,SPDR S&P 500 ETF Trust,,a291db2d-a8eb-4e9f-ae6d-7c60969b9eab,347.2206806477945,67.0,SPY,376215.9108411793
5,T3_STOCK_US_LARGE_CAP,100.0,2018-05-11T22:55:01.620Z,SPDR S&P 500 ETF Trust,,44a04347-4a3b-473d-b3f8-d43bf2c5d0cc,76.06829454115376,9.0,SPY,295940.85031457705
5,T3_STOCK_US_LARGE_CAP,100.0,2018-05-11T22:55:01.620Z,SPDR S&P 500 ETF Trust,,574af9eb-06ce-4e61-a192-cedc9b3fff39,151.55482063655924,23.0,SPY,619254.2564111538
5,T3_STOCK_US_LARGE_CAP,100.0,2018-05-11T22:55:02.564Z,SPDR S&P 500 ETF Trust,,57462e63-019e-42c3-9fa1-d2403551cbac,377.7525879819082,61.0,SPY,860496.9311670023
5,T3_STOCK_US_LARGE_CAP,100.0,2018-05-11T22:55:02.564Z,SPDR S&P 500 ETF Trust,,48e0d617-e1ed-44c6-ba14-8e5de96b016c,332.03562749185454,58.0,SPY,28913.80957920464
5,T3_STOCK_US_LARGE_CAP,100.0,2018-05-11T22:55:02.565Z,SPDR S&P 500 ETF Trust,,412d245a-2ee4-42c4-8822-3f7bd43c352f,303.6255140637417,73.0,SPY,495552.9636790078
5,T3_STOCK_US_LARGE_CAP,100.0,2018-05-11T22:55:02.565Z,SPDR S&P 500 ETF Trust,,70c33dea-1910-46f7-b5ee-2d276e5d4c3e,0.6375384594587974,82.0,SPY,448563.47876142943
5,T3_STOCK_US_LARGE_CAP,100.0,2018-05-11T22:55:02.585Z,SPDR S&P 500 ETF Trust,,42934071-be16-4964-9110-6257cf8e44c9,139.6742676217385,7.0,SPY,596749.0801032191
5,T3_STOCK_US_LARGE_CAP,100.0,2018-05-11T22:55:02.586Z,SPDR S&P 500 ETF Trust,,4dc0adcc-c465-47ec-a0c5-c02650c94818,294.746487663975,86.0,SPY,23604.88553092832
5,T3_STOCK_US_LARGE_CAP,100.0,2018-05-11T22:55:02.586Z,SPDR S&P 500 ETF Trust,,2ffb826e-956e-47c7-8f50-b1126b49486d,243.59082707809648,23.0,SPY,945873.9252116525
5,T3_STOCK_US_LARGE_CAP,100.0,2018-05-11T22:55:02.586Z,SPDR S&P 500 ETF Trust,,ef8facd9-89c7-410e-b137-5753067bd0fb,47.72923806310878,33.0,SPY,214154.69058172833
5,T3_STOCK_US_LARGE_CAP,100.0,2018-05-11T22:55:02.604Z,SPDR S&P 500 ETF Trust,,41cc7648-57e2-4e3f-9dc9-323b170d2086,22.658474399649187,41.0,SPY,204060.5192433187
5,T3_STOCK_US_LARGE_CAP,100.0,2018-05-11T22:55:02.604Z,SPDR S&P 500 ETF Trust,,abc69a13-5b3e-42e9-970e-5072cb14b17a,63.2227464930947,74.0,SPY,75091.47081867773
5,T3_STOCK_US_LARGE_CAP,100.0,2018-05-11T22:55:02.604Z,SPDR S&P 500 ETF Trust,,432371d4-830b-4781-9c54-0ed7a205a18a,164.2760923762713,90.0,SPY,393601.90205418656
5,T3_STOCK_US_LARGE_CAP,100.0,2018-05-11T22:55:02.604Z,SPDR S&P 500 ETF Trust,,4f3abec5-49ac-49ab-9ae2-8a198ce2743d,370.0041504102144,83.0,SPY,166717.89732267428
5,T3_STOCK_US_LARGE_CAP,100.0,2018-05-11T22:55:02.621Z,SPDR S&P 500 ETF Trust,,ab564fee-f077-40a7-a0f5-2c0230db7999,96.06242731774799,3.0,SPY,753420.0137093506
5,T3_STOCK_US_LARGE_CAP,100.0,2018-05-11T22:55:02.621Z,SPDR S&P 500 ETF Trust,,d586f714-bd02-44b4-88f8-74d039387f14,196.68170418707297,14.0,SPY,745450.5522907362
5,T3_STOCK_US_LARGE_CAP,100.0,2018-05-11T22:55:02.621Z,SPDR S&P 500 ETF Trust,,b94c71c0-d2db-4cda-b7ef-91a8ca2e1a02,140.9660401160658,6.0,SPY,242787.57376596326
5,T3_STOCK_US_LARGE_CAP,100.0,2018-05-11T22:55:02.621Z,SPDR S&P 500 ETF Trust,,2362a274-632e-42bd-8e2e-5b660b71038c,235.5489466885072,48.0,SPY,435547.96330661396
5,T3_STOCK_US_LARGE_CAP,100.0,2018-05-11T22:55:02.636Z,SPDR S&P 500 ETF Trust,,a6912980-9ebd-439f-b4e2-00c5250d4840,113.88204334625031,15.0,SPY,755330.983845031
5,T3_STOCK_US_LARGE_CAP,100.0,2018-05-11T22:55:02.636Z,SPDR S&P 500 ETF Trust,,feb2b5b4-3143-408e-9415-eb095f7152a2,175.78422833964095,98.0,SPY,183195.39390632743
5,T3_STOCK_US_LARGE_CAP,100.0,2018-05-11T22:55:02.637Z,SPDR S&P 500 ETF Trust,,d7321a72-ec3b-46b0-ad15-e52e00e2c2e1,236.12537177597886,44.0,SPY,396512.0736254236
5,T3_STOCK_US_LARGE_CAP,100.0,2018-05-11T22:55:02.637Z,SPDR S&P 500 ETF Trust,,2fec7172-9632-4bbe-b7e8-af59e65f5e4d,177.72865592919408,50.0,SPY,706524.8649318193
5,T3_STOCK_US_LARGE_CAP,100.0,2018-05-11T22:55:02.651Z,SPDR S&P 500 ETF Trust,,cdac15dd-f4fb-4000-b6a2-ba03cdbd4447,4.686469631885126,11.0,SPY,237154.38122450706
5,T3_STOCK_US_LARGE_CAP,100.0,2018-05-11T22:55:02.651Z,SPDR S&P 500 ETF Trust,,1fd6e758-8329-4f05-a51a-49c1aa8becd9,156.1951195438593,89.0,SPY,635049.2589280668
5,T3_STOCK_US_LARGE_CAP,100.0,2018-05-11T22:55:02.651Z,SPDR S&P 500 ETF Trust,,dc8270fc-b0b2-4ddb-ae6e-41ee15fbb701,199.4125354476146,28.0,SPY,919721.5047185863
5,T3_STOCK_US_LARGE_CAP,100.0,2018-05-11T22:55:02.651Z,SPDR S&P 500 ETF Trust,,0fea4d9f-89ea-4e32-830f-cdf5a2eacbad,367.5359588509261,44.0,SPY,76083.39518275754
5,T3_STOCK_US_LARGE_CAP,100.0,2018-05-11T22:55:02.664Z,SPDR S&P 500 ETF Trust,,0d9da13e-06ad-4619-ab81-d2448edb0cfe,179.3138024373921,19.0,SPY,627449.480457455
5,T3_STOCK_US_LARGE_CAP,100.0,2018-05-11T22:55:02.664Z,SPDR S&P 500 ETF Trust,,ad3b7738-ab76-4e54-8318-5bf51431e957,30.808865225138415,46.0,SPY,150523.13906593018
5,T3_STOCK_US_LARGE_CAP,100.0,2018-05-11T22:55:02.664Z,SPDR S&P 500 ETF Trust,,e55d8c76-700a-46ad-9664-afe243ddc9ca,95.16385864930372,42.0,SPY,613663.0170832352
5,T3_STOCK_US_LARGE_CAP,100.0,2018-05-11T22:55:02.664Z,SPDR S&P 500 ETF Trust,,fbbb6355-4954-4c17-87e5-34d9bf8c24d2,227.46646506580635,33.0,SPY,817786.1446099995
5,T3_STOCK_US_LARGE_CAP,100.0,2018-05-11T22:55:02.677Z,SPDR S&P 500 ETF Trust,,8085acec-af8a-47c5-8d69-84f20670adb0,291.47784383411835,62.0,SPY,691542.4898745009
5,T3_STOCK_US_LARGE_CAP,100.0,2018-05-11T22:55:02.677Z,SPDR S&P 500 ETF Trust,,7eb24dd8-8876-4a6f-beb4-6dff706da767,83.23678795514131,92.0,SPY,467531.0858150659
5,T3_STOCK_US_LARGE_CAP,100.0,2018-05-11T22:55:02.677Z,SPDR S&P 500 ETF Trust,,edbe7879-cfe0-4df5-9f7a-d1110db9398e,375.29524411562204,12.0,SPY,927323.2177969533
5,T3_STOCK_US_LARGE_CAP,100.0,2018-05-11T22:55:02.677Z,SPDR S&P 500 ETF Trust,,fe9cc0be-3ec4-4d42-8d9a-91cd004d5a0d,5.307761925735699,39.0,SPY,434872.21829196165
5,T3_STOCK_US_LARGE_CAP,100.0,2018-05-11T22:55:02.689Z,SPDR S&P 500 ETF Trust,,1d4bbcb7-e0eb-4b31-8370-6c7cca749a0d,117.21857259853832,30.0,SPY,212672.99958211926
5,T3_STOCK_US_LARGE_CAP,100.0,2018-05-11T22:55:02.689Z,SPDR S&P 500 ETF Trust,,0cc499fc-426f-468e-83f8-4c9faa86dc13,250.64855375329623,31.0,SPY,794087.3197825719
5,T3_STOCK_US_LARGE_CAP,100.0,2018-05-11T22:55:02.689Z,SPDR S&P 500 ETF Trust,,81c157dc-a998-4f29-8ecd-0188642a08b1,38.550304628098296,31.0,SPY,490470.70672195824
5,T3_STOCK_US_LARGE_CAP,100.0,2018-05-11T22:55:02.689Z,SPDR S&P 500 ETF Trust,,13a80731-937a-4fa6-b748-e06bd2e9c189,258.8131478494781,47.0,SPY,327712.11505479435
5,T3_STOCK_US_LARGE_CAP,100.0,2018-05-11T22:55:02.698Z,SPDR S&P 500 ETF Trust,,4b7a5aa0-12fa-4dbd-8863-b606cc01420a,356.59252937334287,29.0,SPY,251124.75228423649
5,T3_STOCK_US_LARGE_CAP,100.0,2018-05-11T22:55:02.698Z,SPDR S&P 500 ETF Trust,,89b34b84-b87e-4063-8fd8-b3b36be64d6a,272.93672427917284,9.0,SPY,38278.188195519426
5,T3_STOCK_US_LARGE_CAP,100.0,2018-05-11T22:55:02.698Z,SPDR S&P 500 ETF Trust,,fe9aa184-6ad3-4173-b638-76d77678455c,2.1230932655987633,69.0,SPY,424377.46785316645
5,T3_STOCK_US_LARGE_CAP,100.0,2018-05-11T22:55:02.698Z,SPDR S&P 500 ETF Trust,,04450f5e-59a5-4680-826f-d908d222c710,159.56473876454731,80.0,SPY,160782.44239123262
5,T3_STOCK_US_LARGE_CAP,100.0,2018-05-11T22:55:02.706Z,SPDR S&P 500 ETF Trust,,9c18facb-fa47-4048-833e-1b8a6e213d78,159.59490865885954,58.0,SPY,589296.9587233724
5,T3_STOCK_US_LARGE_CAP,100.0,2018-05-11T22:55:02.706Z,SPDR S&P 500 ETF Trust,,4579294c-ab6e-4e66-a596-d73795eff9b7,292.50439491116896,47.0,SPY,159815.72558250857
5,T3_STOCK_US_LARGE_CAP,100.0,2018-05-11T22:55:02.707Z,SPDR S&P 500 ETF Trust,,8757fd21-d274-4425-b132-e395fdb0d86c,383.99292880116343,81.0,SPY,295055.62238169013
5,T3_STOCK_US_LARGE_CAP,100.0,2018-05-11T22:55:02.707Z,SPDR S&P 500 ETF Trust,,1893b4e4-0706-4300-b9b3-b5e520fab07c,379.30153527369066,65.0,SPY,444589.1445952803
5,T3_STOCK_US_LARGE_CAP,100.0,2018-05-11T22:55:02.715Z,SPDR S&P 500 ETF Trust,,84db191c-b53c-4981-b0c7-7dcbe81f9ad2,240.05764048001632,88.0,SPY,531396.5984838285
5,T3_STOCK_US_LARGE_CAP,100.0,2018-05-11T22:55:02.715Z,SPDR S&P 500 ETF Trust,,1f49519f-b2e1-4aac-9738-522b34995382,59.99648158117079,37.0,SPY,285259.4573234117
5,T3_STOCK_US_LARGE_CAP,100.0,2018-05-11T22:55:02.715Z,SPDR S&P 500 ETF Trust,,3848d88d-e8fb-4728-b948-95b1ceb801f2,83.82115548636362,71.0,SPY,330290.3146923307
5,T3_STOCK_US_LARGE_CAP,100.0,2018-05-11T22:55:02.715Z,SPDR S&P 500 ETF Trust,,8cfa56e4-1959-4392-b1ab-90d621ddd982,89.8082658559864,0.0,SPY,732436.6055107164
5,T3_STOCK_US_LARGE_CAP,100.0,2018-05-11T22:55:02.724Z,SPDR S&P 500 ETF Trust,,3006026f-a67d-4805-9d69-b57540b2e27b,23.320521460112296,3.0,SPY,832266.7491172664
5,T3_STOCK_US_LARGE_CAP,100.0,2018-05-11T22:55:02.724Z,SPDR S&P 500 ETF Trust,,8531fe32-4304-4275-91f5-4458e085ba11,220.22928303223836,48.0,SPY,769313.4730787027
5,T3_STOCK_US_LARGE_CAP,100.0,2018-05-11T22:55:02.724Z,SPDR S&P 500 ETF Trust,,98cfe4bf-f57c-4a56-83cd-84c4a1e0c64d,195.50076467078136,18.0,SPY,302579.22015825857
5,T3_STOCK_US_LARGE_CAP,100.0,2018-05-11T22:55:02.724Z,SPDR S&P 500 ETF Trust,,2b86a46d-ee19-4170-b11c-0521cdd01802,339.3440257171561,30.0,SPY,448343.28556350933
5,T3_STOCK_US_LARGE_CAP,100.0,2018-05-11T22:55:02.732Z,SPDR S&P 500 ETF Trust,,c93402a8-5667-4ac2-954d-8a888278a39c,221.606640593729,31.0,SPY,537920.5830297029
5,T3_STOCK_US_LARGE_CAP,100.0,2018-05-11T22:55:02.732Z,SPDR S&P 500 ETF Trust,,6531e1ad-b2d5-4ffa-b047-ea132560afcc,172.75544839948373,8.0,SPY,631537.0482039399
5,T3_STOCK_US_LARGE_CAP,100.0,2018-05-11T22:55:02.732Z,SPDR S&P 500 ETF Trust,,f6d2bf1f-1456-4c6e-89cb-c1f7fa36f63f,230.84849105316718,12.0,SPY,964404.388852431
5,T3_STOCK_US_LARGE_CAP,100.0,2018-05-11T22:55:02.732Z,SPDR S&P 500 ETF Trust,,68e4432c-4ab5-43c2-9a5e-e9cc218ad0a9,85.46627491107195,3.0,SPY,925375.1050401652
5,T3_STOCK_US_LARGE_CAP,100.0,2018-05-11T22:55:02.740Z,SPDR S&P 500 ETF Trust,,13e9363d-12c2-4675-b38e-652f71f7d39c,171.97825817760335,87.0,SPY,69541.5360678181
5,T3_STOCK_US_LARGE_CAP,100.0,2018-05-11T22:55:02.740Z,SPDR S&P 500 ETF Trust,,e3f237a7-670c-462c-b44a-751f7d356b6f,362.10414776301707,20.0,SPY,439772.09762194956
5,T3_STOCK_US_LARGE_CAP,100.0,2018-05-11T22:55:02.740Z,SPDR S&P 500 ETF Trust,,8aba39b4-472a-44eb-b65c-b91b73459dae,309.71464656766534,47.0,SPY,486741.6323988984
5,T3_STOCK_US_LARGE_CAP,100.0,2018-05-11T22:55:02.740Z,SPDR S&P 500 ETF Trust,,25ddafc4-959f-4e6a-83d8-e3acf27e4be1,375.69148204264764,71.0,SPY,456256.8359419354
5,T3_STOCK_US_LARGE_CAP,100.0,2018-05-11T22:55:02.747Z,SPDR S&P 500 ETF Trust,,58de6c54-7733-4418-a429-9f2a8756f57a,59.593063394434466,21.0,SPY,438257.1921218906
5,T3_STOCK_US_LARGE_CAP,100.0,2018-05-11T22:55:02.747Z,SPDR S&P 500 ETF Trust,,92865f7d-23b9-4a37-8602-dd334054e521,349.90343986942764,25.0,SPY,215039.02206992975
5,T3_STOCK_US_LARGE_CAP,100.0,2018-05-11T22:55:02.747Z,SPDR S&P 500 ETF Trust,,635a8616-2902-4dc3-bf00-d172ef209aef,86.7483115654177,42.0,SPY,160032.85892735308
5,T3_STOCK_US_LARGE_CAP,100.0,2018-05-11T22:55:02.747Z,SPDR S&P 500 ETF Trust,,45c3d42f-8d0b-4f9a-b76b-6e1861dbd53a,284.46117246560095,40.0,SPY,5768.529655681087
5,T3_STOCK_US_LARGE_CAP,100.0,2018-05-11T22:55:02.755Z,SPDR S&P 500 ETF Trust,,eebbf0e5-1145-44d5-81fb-4526c154dc97,123.49590227315824,56.0,SPY,177180.55246908692
5,T3_STOCK_US_LARGE_CAP,100.0,2018-05-11T22:55:02.756Z,SPDR S&P 500 ETF Trust,,2148d4ec-1770-41af-b8bd-df3cee265b8f,393.805371392968,54.0,SPY,71897.27551747294
5,T3_STOCK_US_LARGE_CAP,100.0,2018-05-11T22:55:02.756Z,SPDR S&P 500 ETF Trust,,eb4a3f45-bee9-47c8-8732-623196c86c71,59.96011902003677,29.0,SPY,619735.2362261197
5,T3_STOCK_US_LARGE_CAP,100.0,2018-05-11T22:55:02.756Z,SPDR S&P 500 ETF Trust,,1fb68027-93ee-4faa-bd41-6ff977133db0,124.80583712003673,69.0,SPY,968486.1279057385
5,T3_STOCK_US_LARGE_CAP,100.0,2018-05-11T22:55:02.763Z,SPDR S&P 500 ETF Trust,,4ef0dbc8-4b6d-4ded-bd2f-167f3f1ce5af,219.3756454374731,44.0,SPY,349078.36984939734
5,T3_STOCK_US_LARGE_CAP,100.0,2018-05-11T22:55:02.763Z,SPDR S&P 500 ETF Trust,,0a26d31b-6b02-4c2f-b3cd-60de6744dab2,151.61754172910128,25.0,SPY,504422.74600681115
5,T3_STOCK_US_LARGE_CAP,100.0,2018-05-11T22:55:02.763Z,SPDR S&P 500 ETF Trust,,3bf6770f-0104-4a7a-98ed-be7e505c0e0f,303.2111796064485,17.0,SPY,552168.6674213795
5,T3_STOCK_US_LARGE_CAP,100.0,2018-05-11T22:55:02.763Z,SPDR S&P 500 ETF Trust,,9765d7f7-269a-4b61-876a-1ede758e383f,392.09869365340097,80.0,SPY,245106.97508074454
5,T3_STOCK_US_LARGE_CAP,100.0,2018-05-11T22:55:02.771Z,SPDR S&P 500 ETF Trust,,1753a87a-4b38-4695-8dbd-9b327f3cf27e,291.42666912855174,15.0,SPY,700889.4007000141
5,T3_STOCK_US_LARGE_CAP,100.0,2018-05-11T22:55:02.771Z,SPDR S&P 500 ETF Trust,,272d85e7-82c8-429b-bafe-83e9e76b9c89,381.0154693227486,63.0,SPY,732097.3869419666
5,T3_STOCK_US_LARGE_CAP,100.0,2018-05-11T22:55:02.772Z,SPDR S&P 500 ETF Trust,,ca6faeb6-5f60-443d-a6ef-f1b965f03fab,251.51950803631897,87.0,SPY,907842.2469078253
5,T3_STOCK_US_LARGE_CAP,100.0,2018-05-11T22:55:02.772Z,SPDR S&P 500 ETF Trust,,bcca10d9-2e26-4275-a01b-5e6ce083e473,113.86214136945357,25.0,SPY,523612.2617904455
5,T3_STOCK_US_LARGE_CAP,100.0,2018-05-11T22:55:02.794Z,SPDR S&P 500 ETF Trust,,a7fdbd32-0eea-4704-a1db-90444d60225d,229.28314081608212,0.0,SPY,458281.66673378635
5,T3_STOCK_US_LARGE_CAP,100.0,2018-05-11T22:55:02.794Z,SPDR S&P 500 ETF Trust,,064966f5-4636-495c-bebd-d81bff678c56,262.8026355954771,92.0,SPY,256888.41472724554
5,T3_STOCK_US_LARGE_CAP,100.0,2018-05-11T22:55:02.794Z,SPDR S&P 500 ETF Trust,,62f2a110-d27b-4cba-86d7-2e0ae20ac530,11.155473064256194,38.0,SPY,169805.87042409735
5,T3_STOCK_US_LARGE_CAP,100.0,2018-05-11T22:55:02.794Z,SPDR S&P 500 ETF Trust,,3fef72c1-a75c-47fc-a906-b00f7a11ab9e,47.56310542300892,40.0,SPY,414629.673636713
5,T3_STOCK_US_LARGE_CAP,100.0,2018-05-11T22:55:02.801Z,SPDR S&P 500 ETF Trust,,3a0c6718-149b-4f35-8d38-5495039ab690,383.42212051281854,66.0,SPY,392304.3567342229
5,T3_STOCK_US_LARGE_CAP,100.0,2018-05-11T22:55:02.801Z,SPDR S&P 500 ETF Trust,,805598db-2dba-42fa-b80f-f47f46bdbacd,213.34148748436053,86.0,SPY,703352.7522971678
5,T3_STOCK_US_LARGE_CAP,100.0,2018-05-11T22:55:02.801Z,SPDR S&P 500 ETF Trust,,0150ce3d-c005-4d76-8ee7-6ac13a81c7b8,211.47700640598111,78.0,SPY,830519.2648121354
5,T3_STOCK_US_LARGE_CAP,100.0,2018-05-11T22:55:02.801Z,SPDR S&P 500 ETF Trust,,af929707-2738-4a7a-8754-33f48d50ae7a,69.61066986486233,14.0,SPY,842709.0469798303
5,T3_STOCK_US_LARGE_CAP,100.0,2018-05-11T22:55:02.807Z,SPDR S&P 500 ETF Trust,,acdee58d-02d3-4ec6-8bbe-84d1e0332752,265.3970570175041,46.0,SPY,210404.34655121787
5,T3_STOCK_US_LARGE_CAP,100.0,2018-05-11T22:55:02.807Z,SPDR S&P 500 ETF Trust,,cbcfd7f5-c120-4c9e-a75b-a020d999c67d,22.9385958809615,99.0,SPY,83681.23537114002
5,T3_STOCK_US_LARGE_CAP,100.0,2018-05-11T22:55:02.807Z,SPDR S&P 500 ETF Trust,,2bdb917f-67e5-4ec0-85f5-0896d5b0dd33,274.387743260636,93.0,SPY,767677.5072769085
5,T3_STOCK_US_LARGE_CAP,100.0,2018-05-11T22:55:02.807Z,SPDR S&P 500 ETF Trust,,712dab86-adf4-47d8-a161-3dc26e6c9d4e,58.603216065958776,22.0,SPY,638171.6455446198
5,T3_STOCK_US_LARGE_CAP,100.0,2018-05-11T22:55:02.814Z,SPDR S&P 500 ETF Trust,,f516fe51-afc4-4be9-a577-8e854b7cd7c3,248.03566112421174,75.0,SPY,319647.02367430506
5,T3_STOCK_US_LARGE_CAP,100.0,2018-05-11T22:55:02.814Z,SPDR S&P 500 ETF Trust,,84958701-022a-4733-94d4-4e0a46528d0f,374.84825832497444,78.0,SPY,117026.46551565477
5,T3_STOCK_US_LARGE_CAP,100.0,2018-05-11T22:55:02.814Z,SPDR S&P 500 ETF Trust,,17f722b3-7edf-4e4c-a336-6cec1b8303cd,106.17568446073213,28.0,SPY,590010.8916023766
5,T3_STOCK_US_LARGE_CAP,100.0,2018-05-11T22:55:02.814Z,SPDR S&P 500 ETF Trust,,badd31fb-9bbf-42d3-aa41-0c95ade83368,395.9940560404386,43.0,SPY,452933.91161244333
5,T3_STOCK_US_LARGE_CAP,100.0,2018-05-11T22:55:02.821Z,SPDR S&P 500 ETF Trust,,53c7143b-6514-4d3a-9627-f2e1860145b9,394.3890983171506,53.0,SPY,43497.47347818256
5,T3_STOCK_US_LARGE_CAP,100.0,2018-05-11T22:55:02.821Z,SPDR S&P 500 ETF Trust,,b3826e4f-63f1-402d-92f3-5b84903a3d97,104.86273625619233,41.0,SPY,732408.8609121459
5,T3_STOCK_US_LARGE_CAP,100.0,2018-05-11T22:55:02.821Z,SPDR S&P 500 ETF Trust,,822dabc1-8d58-44e6-bbf0-a0b17e8921b5,328.05018470413074,84.0,SPY,587070.0250166958
5,T3_STOCK_US_LARGE_CAP,100.0,2018-05-11T22:55:02.821Z,SPDR S&P 500 ETF Trust,,1c684b63-ac9c-4f7c-aaa9-c34019355259,104.76146453506723,34.0,SPY,757009.9096585289
5,T3_STOCK_US_LARGE_CAP,100.0,2018-05-11T22:55:02.828Z,SPDR S&P 500 ETF Trust,,2856a15c-52a6-407f-9280-7ff685812ea6,15.518236989171985,15.0,SPY,972712.309230158
5,T3_STOCK_US_LARGE_CAP,100.0,2018-05-11T22:55:02.828Z,SPDR S&P 500 ETF Trust,,83abfa81-5675-425e-a0c3-8798b670d234,297.2905664833345,83.0,SPY,556353.0258983725
5,T3_STOCK_US_LARGE_CAP,100.0,2018-05-11T22:55:02.828Z,SPDR S&P 500 ETF Trust,,510bb6d0-3392-47b6-848f-f2f7964f726c,181.41807082060515,96.0,SPY,353197.510837669
5,T3_STOCK_US_LARGE_CAP,100.0,2018-05-11T22:55:02.828Z,SPDR S&P 500 ETF Trust,,2594e6a0-a9e0-4a79-8253-ed35419c7fcd,168.43153186812208,81.0,SPY,678167.1405060394
5,T3_STOCK_US_LARGE_CAP,100.0,2018-05-11T22:55:02.834Z,SPDR S&P 500 ETF Trust,,05dd4b63-57c7-459c-bebc-338d60e5b05b,42.21957257512572,32.0,SPY,465337.9792958505
5,T3_STOCK_US_LARGE_CAP,100.0,2018-05-11T22:55:02.834Z,SPDR S&P 500 ETF Trust,,e5041a7e-6e02-4c19-b7ca-61eec0cbc268,189.96968348298782,65.0,SPY,955985.2082385538
5,T3_STOCK_US_LARGE_CAP,100.0,2018-05-11T22:55:02.834Z,SPDR S&P 500 ETF Trust,,33695129-70a5-44c2-9b2a-2dcb40baa9c5,279.4973548892688,80.0,SPY,98446.18181521236
5,T3_STOCK_US_LARGE_CAP,100.0,2018-05-11T22:55:02.834Z,SPDR S&P 500 ETF Trust,,c1cf1a36-003c-4c21-a9d9-c8afdb745eca,19.565130014928744,71.0,SPY,792730.2703630368
5,T3_STOCK_US_LARGE_CAP,100.0,2018-05-11T22:55:02.841Z,SPDR S&P 500 ETF Trust,,0ba79cd6-4651-44c7-b224-78857a94904e,81.05949757673869,98.0,SPY,952750.1558354117
5,T3_STOCK_US_LARGE_CAP,100.0,2018-05-11T22:55:02.841Z,SPDR S&P 500 ETF Trust,,a3ba55a5-f591-4dea-a6c5-56009300653c,156.9916827221713,22.0,SPY,220557.41630247893
5,T3_STOCK_US_LARGE_CAP,100.0,2018-05-11T22:55:02.841Z,SPDR S&P 500 ETF Trust,,81976c81-38d1-4f5d-bc85-7aa9d8e13dbc,233.86992175978446,88.0,SPY,317544.39073097426
5,T3_STOCK_US_LARGE_CAP,100.0,2018-05-11T22:55:02.842Z,SPDR S&P 500 ETF Trust,,4f7237a7-04f8-45f5-99aa-85cfe46667eb,140.50456316115879,9.0,SPY,612590.5890430331
5,T3_STOCK_US_LARGE_CAP,100.0,2018-05-11T22:55:02.848Z,SPDR S&P 500 ETF Trust,,fd1f7b08-8f6b-4908-90cd-184dde542c3e,7.597234707427525,10.0,SPY,613029.9034813679
5,T3_STOCK_US_LARGE_CAP,100.0,2018-05-11T22:55:02.848Z,SPDR S&P 500 ETF Trust,,edd62459-ecd4-4861-838e-052a0524d29e,142.37252181845275,21.0,SPY,852908.3495886291
5,T3_STOCK_US_LARGE_CAP,100.0,2018-05-11T22:55:02.848Z,SPDR S&P 500 ETF Trust,,cb96b82f-55e4-4268-a443-3e30043a4f83,323.9223322909833,24.0,SPY,235246.51306894328
5,T3_STOCK_US_LARGE_CAP,100.0,2018-05-11T22:55:02.848Z,SPDR S&P 500 ETF Trust,,4a7582f2-6f3d-48a4-b10f-df3915568c39,232.54048639376822,13.0,SPY,239768.95955747267
5,T3_STOCK_US_LARGE_CAP,100.0,2018-05-11T22:55:02.854Z,SPDR S&P 500 ETF Trust,,ba0542e5-11e2-427a-89dd-233012148b4c,397.56242290061255,94.0,SPY,493078.065775956
5,T3_STOCK_US_LARGE_CAP,100.0,2018-05-11T22:55:02.854Z,SPDR S&P 500 ETF Trust,,cafc8256-5272-45fd-add5-787c66ba8a47,88.46933571739117,89.0,SPY,13737.57271179421
5,T3_STOCK_US_LARGE_CAP,100.0,2018-05-11T22:55:02.854Z,SPDR S&P 500 ETF Trust,,c41ff706-cd30-4142-8ff3-50fbb7574204,371.76812684182534,68.0,SPY,51846.50533534252
5,T3_STOCK_US_LARGE_CAP,100.0,2018-05-11T22:55:02.854Z,SPDR S&P 500 ETF Trust,,93ae6384-9290-4287-b70a-327a76b36846,278.1100252904869,91.0,SPY,879289.5519563551
5,T3_STOCK_US_LARGE_CAP,100.0,2018-05-11T22:55:02.860Z,SPDR S&P 500 ETF Trust,,87357e68-5bf8-4a3e-92e3-efaaa128aa4b,360.9225186203441,99.0,SPY,947405.363249334
5,T3_STOCK_US_LARGE_CAP,100.0,2018-05-11T22:55:02.860Z,SPDR S&P 500 ETF Trust,,edd5e0c2-7fc4-4978-a1d7-65178d510b8f,268.36556550950803,40.0,SPY,372727.19263928547
5,T3_STOCK_US_LARGE_CAP,100.0,2018-05-11T22:55:02.860Z,SPDR S&P 500 ETF Trust,,1dd4f9fe-f9a1-467f-8894-af26b7c7302c,396.6769436011444,82.0,SPY,241921.15468262686
5,T3_STOCK_US_LARGE_CAP,100.0,2018-05-11T22:55:02.860Z,SPDR S&P 500 ETF Trust,,17f15293-618a-4085-bb24-f786f8160ebf,119.05733739764432,15.0,SPY,536902.0285937719
5,T3_STOCK_US_LARGE_CAP,100.0,2018-05-11T22:55:02.866Z,SPDR S&P 500 ETF Trust,,87be56e1-bbb7-43e9-bb40-ca946ef450e7,253.34865908245962,48.0,SPY,173758.92276567317
5,T3_STOCK_US_LARGE_CAP,100.0,2018-05-11T22:55:02.866Z,SPDR S&P 500 ETF Trust,,a25cbe06-428c-4400-8177-021ef801ee9f,336.80718757521015,28.0,SPY,260141.23895211006
5,T3_STOCK_US_LARGE_CAP,100.0,2018-05-11T22:55:02.866Z,SPDR S&P 500 ETF Trust,,85e1753b-c377-4dfd-8275-c05f8c372bdc,180.3167344089008,34.0,SPY,746243.9921490352
5,T3_STOCK_US_LARGE_CAP,100.0,2018-05-11T22:55:02.866Z,SPDR S&P 500 ETF Trust,,aa847f8f-35ea-4d34-b5df-bc7f87ca2f6d,103.93969714240963,81.0,SPY,574078.5995214833
5,T3_STOCK_US_LARGE_CAP,100.0,2018-05-11T22:55:02.873Z,SPDR S&P 500 ETF Trust,,f980ea1e-7c6d-453a-878d-562b2fb9cc8f,276.4383759855896,24.0,SPY,315029.92960417195
5,T3_STOCK_US_LARGE_CAP,100.0,2018-05-11T22:55:02.873Z,SPDR S&P 500 ETF Trust,,98a01aaa-fbdb-4ae7-8067-22db6d7fcdf6,65.13945532017043,14.0,SPY,277112.70247941854
5,T3_STOCK_US_LARGE_CAP,100.0,2018-05-11T22:55:02.873Z,SPDR S&P 500 ETF Trust,,dc4a542a-f476-4666-afce-eb3e1d4abcd5,100.75412724996751,66.0,SPY,421570.80214283906
5,T3_STOCK_US_LARGE_CAP,100.0,2018-05-11T22:55:02.873Z,SPDR S&P 500 ETF Trust,,3098a8d2-d0e7-4851-b26a-7645cc790a1e,12.43966668734009,37.0,SPY,868473.1355815605
5,T3_STOCK_US_LARGE_CAP,100.0,2018-05-11T22:55:02.878Z,SPDR S&P 500 ETF Trust,,a45f5e88-ab19-4cd9-a574-5ea269288241,188.25038608755355,40.0,SPY,204057.25964843112
5,T3_STOCK_US_LARGE_CAP,100.0,2018-05-11T22:55:02.878Z,SPDR S&P 500 ETF Trust,,99e53828-2298-4d69-a82e-9f14a76ea22f,252.1127228216697,58.0,SPY,710758.9897795407
5,T3_STOCK_US_LARGE_CAP,100.0,2018-05-11T22:55:02.878Z,SPDR S&P 500 ETF Trust,,da48dd83-2864-4068-9fd8-dc23349c2f18,189.65796201457522,76.0,SPY,104131.46049800981
5,T3_STOCK_US_LARGE_CAP,100.0,2018-05-11T22:55:02.878Z,SPDR S&P 500 ETF Trust,,0fa1757f-863d-49e1-8687-07a9fea61c52,384.6038689059325,70.0,SPY,337023.34585853963
5,T3_STOCK_US_LARGE_CAP,100.0,2018-05-11T22:55:02.884Z,SPDR S&P 500 ETF Trust,,da245871-4ce5-495b-80b5-e9b36818dacc,308.1990827416365,46.0,SPY,267023.09700503
5,T3_STOCK_US_LARGE_CAP,100.0,2018-05-11T22:55:02.884Z,SPDR S&P 500 ETF Trust,,6ba68f58-8abc-4669-9e29-53297e262776,225.45083888338277,81.0,SPY,927214.9817513525
5,T3_STOCK_US_LARGE_CAP,100.0,2018-05-11T22:55:02.884Z,SPDR S&P 500 ETF Trust,,879a52c0-893e-4add-b7d1-3f74b5190882,319.5271852594928,91.0,SPY,249273.86278677077
5,T3_STOCK_US_LARGE_CAP,100.0,2018-05-11T22:55:02.884Z,SPDR S&P 500 ETF Trust,,ea512b80-8aed-4306-bc68-f2d6667a4d5a,127.31710831390801,4.0,SPY,346605.32631012343
5,T3_STOCK_US_LARGE_CAP,100.0,2018-05-11T22:55:02.890Z,SPDR S&P 500 ETF Trust,,33adfa6f-f499-4906-8175-fa24beb7f7c0,235.683696125464,23.0,SPY,683440.3146035125
5,T3_STOCK_US_LARGE_CAP,100.0,2018-05-11T22:55:02.890Z,SPDR S&P 500 ETF Trust,,735aac64-490a-4bdd-9e10-feb68ec82d6e,395.14506033321027,22.0,SPY,486841.7762372621
5,T3_STOCK_US_LARGE_CAP,100.0,2018-05-11T22:55:02.890Z,SPDR S&P 500 ETF Trust,,7bee4eaf-db4e-44a1-adbd-84afcededa42,174.85530542657708,61.0,SPY,973640.0786238281
5,T3_STOCK_US_LARGE_CAP,100.0,2018-05-11T22:55:02.890Z,SPDR S&P 500 ETF Trust,,bdfc078d-9178-4680-bcb8-ec3b3e1c6c76,113.29275199187711,3.0,SPY,340904.6536041764
5,T3_STOCK_US_LARGE_CAP,100.0,2018-05-11T22:55:02.895Z,SPDR S&P 500 ETF Trust,,3ee1a3db-de92-4884-b0fb-8197ea448b29,66.19021570453066,89.0,SPY,584425.0792571004
5,T3_STOCK_US_LARGE_CAP,100.0,2018-05-11T22:55:02.895Z,SPDR S&P 500 ETF Trust,,6072cb38-d6f9-41b7-8707-e53ac7321468,190.4205527516789,26.0,SPY,481369.8622377592
5,T3_STOCK_US_LARGE_CAP,100.0,2018-05-11T22:55:02.895Z,SPDR S&P 500 ETF Trust,,1fd25010-70da-4ce6-8ebf-dc54015fd2e9,316.02228498473994,12.0,SPY,814098.3965576277
5,T3_STOCK_US_LARGE_CAP,100.0,2018-05-11T22:55:02.895Z,SPDR S&P 500 ETF Trust,,a658d0f9-b49f-49ea-8386-d1327df99ce9,280.9193778471305,86.0,SPY,993200.6904088398
5,T3_STOCK_US_LARGE_CAP,100.0,2018-05-11T22:55:02.901Z,SPDR S&P 500 ETF Trust,,c64c6929-cbbd-4792-b3fb-763183a31495,361.09375985118845,50.0,SPY,402528.1431891479
5,T3_STOCK_US_LARGE_CAP,100.0,2018-05-11T22:55:02.901Z,SPDR S&P 500 ETF Trust,,8331ee98-45fb-4c94-88ab-4d31e6b9ea50,181.54128030387545,73.0,SPY,573758.93832417
5,T3_STOCK_US_LARGE_CAP,100.0,2018-05-11T22:55:02.901Z,SPDR S&P 500 ETF Trust,,9e2b3e59-e54e-4fd1-a485-ec154dae2368,28.003033566690583,85.0,SPY,253995.91299906987
5,T3_STOCK_US_LARGE_CAP,100.0,2018-05-11T22:55:02.901Z,SPDR S&P 500 ETF Trust,,df8289eb-3b46-4dc3-9707-f71405e903d1,278.26751440461106,1.0,SPY,575628.4932796871
5,T3_STOCK_US_LARGE_CAP,100.0,2018-05-11T22:55:02.906Z,SPDR S&P 500 ETF Trust,,a5c64c94-0060-4f01-8732-3981214037f2,360.6960496592315,75.0,SPY,331701.63381220517
5,T3_STOCK_US_LARGE_CAP,100.0,2018-05-11T22:55:02.906Z,SPDR S&P 500 ETF Trust,,47f432fa-ad6d-4f65-b739-995608a12a5e,154.65351866031148,66.0,SPY,286258.04796031775
5,T3_STOCK_US_LARGE_CAP,100.0,2018-05-11T22:55:02.906Z,SPDR S&P 500 ETF Trust,,4865ec07-0ab9-4e3e-b317-7a04a1735aed,151.44148385207475,12.0,SPY,741918.7624725449
5,T3_STOCK_US_LARGE_CAP,100.0,2018-05-11T22:55:02.906Z,SPDR S&P 500 ETF Trust,,d72532e9-2999-4caa-a19e-baa3d760c1a3,41.25954786326918,97.0,SPY,846479.7129926123
5,T3_STOCK_US_LARGE_CAP,100.0,2018-05-11T22:55:02.914Z,SPDR S&P 500 ETF Trust,,e3be933f-4754-4b85-9050-b51fa14a6d3c,397.4433158744193,70.0,SPY,299661.15916405176
5,T3_STOCK_US_LARGE_CAP,100.0,2018-05-11T22:55:02.914Z,SPDR S&P 500 ETF Trust,,ffb96e76-6364-4f32-ab43-ab3f7a5d419d,7.470395770665128,5.0,SPY,231393.43693823344
5,T3_STOCK_US_LARGE_CAP,100.0,2018-05-11T22:55:02.914Z,SPDR S&P 500 ETF Trust,,956687d3-2bd0-40bc-a653-dc29dd56fb40,368.7062823406083,5.0,SPY,631045.5141810303
5,T3_STOCK_US_LARGE_CAP,100.0,2018-05-11T22:55:02.914Z,SPDR S&P 500 ETF Trust,,e75d4196-0cf9-44a2-8b39-628b19186175,263.6446744688977,14.0,SPY,906922.2964263991
5,T3_STOCK_US_LARGE_CAP,100.0,2018-05-11T22:55:02.921Z,SPDR S&P 500 ETF Trust,,4650ff2d-88b3-4b5f-b798-bbebc4d1f5af,300.26688706685127,25.0,SPY,178530.68733051614
5,T3_STOCK_US_LARGE_CAP,100.0,2018-05-11T22:55:02.921Z,SPDR S&P 500 ETF Trust,,ef096162-1959-43a8-9b68-188cf01fa4a9,256.5188548506492,67.0,SPY,734980.7187481268
5,T3_STOCK_US_LARGE_CAP,100.0,2018-05-11T22:55:02.922Z,SPDR S&P 500 ETF Trust,,d1d999ce-3222-449a-9c2f-8fa3c9b76202,104.30613015423025,87.0,SPY,336579.4707862112
5,T3_STOCK_US_LARGE_CAP,100.0,2018-05-11T22:55:02.922Z,SPDR S&P 500 ETF Trust,,3ec7cf9f-1b04-433e-919c-c04bcf063b8c,345.4910756740798,64.0,SPY,985566.110497807
5,T3_STOCK_US_LARGE_CAP,100.0,2018-05-11T22:55:02.927Z,SPDR S&P 500 ETF Trust,,2ca9101d-7723-453d-a0f4-f0e334d8001e,161.2604406020963,95.0,SPY,389807.69919270853
5,T3_STOCK_US_LARGE_CAP,100.0,2018-05-11T22:55:02.927Z,SPDR S&P 500 ETF Trust,,9ac5eaae-1bec-487e-9c19-ac69cb84f1e6,292.70378551191396,23.0,SPY,101001.95489553321
5,T3_STOCK_US_LARGE_CAP,100.0,2018-05-11T22:55:02.927Z,SPDR S&P 500 ETF Trust,,a044c014-d5e7-4de6-af3e-51d20127cc96,343.33954390924964,10.0,SPY,758497.6538244194
5,T3_STOCK_US_LARGE_CAP,100.0,2018-05-11T22:55:02.927Z,SPDR S&P 500 ETF Trust,,b026c9a6-45d6-45b9-a0cf-c69c0a62b80a,62.08765625496451,95.0,SPY,341307.29399995576
5,T3_STOCK_US_LARGE_CAP,100.0,2018-05-11T22:55:02.933Z,SPDR S&P 500 ETF Trust,,899b34cb-0e8e-4544-93e4-7397dba34302,247.0910431251195,25.0,SPY,8735.979135905292
5,T3_STOCK_US_LARGE_CAP,100.0,2018-05-11T22:55:02.933Z,SPDR S&P 500 ETF Trust,,55021048-6d5f-485b-ba34-2721dd2b5d52,168.02821701948378,55.0,SPY,655984.822489571
5,T3_STOCK_US_LARGE_CAP,100.0,2018-05-11T22:55:02.933Z,SPDR S&P 500 ETF Trust,,f5f5a1e3-e882-48eb-af94-70386622e76a,70.65828084480907,53.0,SPY,940898.5845838801
5,T3_STOCK_US_LARGE_CAP,100.0,2018-05-11T22:55:02.933Z,SPDR S&P 500 ETF Trust,,b0022559-5738-4197-9732-1a09c0d91002,391.9845420549418,48.0,SPY,525721.5576689955
5,T3_STOCK_US_LARGE_CAP,100.0,2018-05-11T22:55:02.940Z,SPDR S&P 500 ETF Trust,,c132798f-87c1-403c-bcc4-3b04694ee635,79.4979168008215,28.0,SPY,276665.5982781053
5,T3_STOCK_US_LARGE_CAP,100.0,2018-05-11T22:55:02.940Z,SPDR S&P 500 ETF Trust,,5d6bb03e-2bc8-48c1-8f6d-0851fc9e623b,324.9621235459605,46.0,SPY,67249.17024451404
5,T3_STOCK_US_LARGE_CAP,100.0,2018-05-11T22:55:02.940Z,SPDR S&P 500 ETF Trust,,863f7b9b-6527-4d6f-bd3c-437371c382c6,154.51413997577444,83.0,SPY,272004.21496974817
5,T3_STOCK_US_LARGE_CAP,100.0,2018-05-11T22:55:02.940Z,SPDR S&P 500 ETF Trust,,df9fa5aa-7ca6-49de-8285-fed5ac7a2711,303.59923993657134,71.0,SPY,910143.5151731999
5,T3_STOCK_US_LARGE_CAP,100.0,2018-05-11T22:55:02.946Z,SPDR S&P 500 ETF Trust,,40c4c727-b991-4da1-a64d-8953b8ce064d,5.178364523951995,98.0,SPY,115723.06753932948
5,T3_STOCK_US_LARGE_CAP,100.0,2018-05-11T22:55:02.946Z,SPDR S&P 500 ETF Trust,,8e32db0f-a37b-4521-9b0d-c9549618dcef,275.88190842608003,18.0,SPY,349265.83360735676
5,T3_STOCK_US_LARGE_CAP,100.0,2018-05-11T22:55:02.946Z,SPDR S&P 500 ETF Trust,,93ccdb50-0602-4950-b644-bafe1462f708,264.6934369068307,37.0,SPY,571833.7907174195
5,T3_STOCK_US_LARGE_CAP,100.0,2018-05-11T22:55:02.946Z,SPDR S&P 500 ETF Trust,,c966d293-cda2-4c57-bcd4-28b6a94af039,195.9331477079078,62.0,SPY,366940.08657135145
5,T3_STOCK_US_LARGE_CAP,100.0,2018-05-11T22:55:02.951Z,SPDR S&P 500 ETF Trust,,ba1a400f-d8ad-45c5-928b-76a95f4529df,285.6620426993747,20.0,SPY,645437.2034335441
5,T3_STOCK_US_LARGE_CAP,100.0,2018-05-11T22:55:02.951Z,SPDR S&P 500 ETF Trust,,5e0ea15e-2383-46dc-9d0c-68a35bed3203,225.18538284602676,60.0,SPY,860185.2032146604
5,T3_STOCK_US_LARGE_CAP,100.0,2018-05-11T22:55:02.951Z,SPDR S&P 500 ETF Trust,,20a59fed-0536-4faf-89be-6caaeac0f6d9,315.14732882254384,5.0,SPY,620251.9579278444
5,T3_STOCK_US_LARGE_CAP,100.0,2018-05-11T22:55:02.951Z,SPDR S&P 500 ETF Trust,,d0823347-31d0-41a0-8da4-51f3959c47fc,191.3232058072476,52.0,SPY,844490.6884883082
5,T3_STOCK_US_LARGE_CAP,100.0,2018-05-11T22:55:02.956Z,SPDR S&P 500 ETF Trust,,cf643408-4824-43e9-ac23-e1f590ab3f8e,249.71636055792982,86.0,SPY,285761.26478748984
5,T3_STOCK_US_LARGE_CAP,100.0,2018-05-11T22:55:02.956Z,SPDR S&P 500 ETF Trust,,ff2db055-740e-464d-a5b7-9974a04d5786,266.7444996571756,44.0,SPY,865832.8014427763
5,T3_STOCK_US_LARGE_CAP,100.0,2018-05-11T22:55:02.956Z,SPDR S&P 500 ETF Trust,,c5d2857e-a678-42a9-8884-5b3bf427078a,363.70523246935693,23.0,SPY,914318.597855796
5,T3_STOCK_US_LARGE_CAP,100.0,2018-05-11T22:55:02.956Z,SPDR S&P 500 ETF Trust,,18d7a6d3-895f-4bf1-958e-1736b6159262,196.88707246021943,34.0,SPY,63516.622411856624
5,T3_STOCK_US_LARGE_CAP,100.0,2018-05-11T22:55:02.961Z,SPDR S&P 500 ETF Trust,,0a2a96f9-2a68-419d-b46b-9213b0efb803,177.1728094561373,75.0,SPY,15413.825982535045
5,T3_STOCK_US_LARGE_CAP,100.0,2018-05-11T22:55:02.961Z,SPDR S&P 500 ETF Trust,,7513d09c-8526-42be-b54d-20a95e4800ce,366.52707173098145,49.0,SPY,565624.6928932136
5,T3_STOCK_US_LARGE_CAP,100.0,2018-05-11T22:55:02.961Z,SPDR S&P 500 ETF Trust,,eef26701-4146-4f32-b3ee-b18d61d14fef,297.7536056521633,87.0,SPY,942053.3131116051
5,T3_STOCK_US_LARGE_CAP,100.0,2018-05-11T22:55:02.962Z,SPDR S&P 500 ETF Trust,,ea576f9f-208e-49a4-a159-cfdaf0e74ebc,311.06440556511893,62.0,SPY,828711.3088414944
5,T3_STOCK_US_LARGE_CAP,100.0,2018-05-11T22:55:02.967Z,SPDR S&P 500 ETF Trust,,8865914f-f2c4-401e-8f26-04d698a6e1a1,64.7202003338708,82.0,SPY,341790.0396073045
5,T3_STOCK_US_LARGE_CAP,100.0,2018-05-11T22:55:02.967Z,SPDR S&P 500 ETF Trust,,60b359f7-1d96-4cb6-ba1f-84aadf2ea54d,150.7418735586322,62.0,SPY,651204.294725967
5,T3_STOCK_US_LARGE_CAP,100.0,2018-05-11T22:55:02.967Z,SPDR S&P 500 ETF Trust,,5bfa5ed8-8e06-4857-b065-3ac1e60a223e,153.2541860137253,66.0,SPY,282420.7344210636
5,T3_STOCK_US_LARGE_CAP,100.0,2018-05-11T22:55:02.967Z,SPDR S&P 500 ETF Trust,,f291bc8b-d21e-4bd9-8ce8-dc55dcd91b7e,310.11611032439646,9.0,SPY,958818.5597046907
5,T3_STOCK_US_LARGE_CAP,100.0,2018-05-11T22:55:02.972Z,SPDR S&P 500 ETF Trust,,8d3d9c6f-dc4e-47a5-942b-a195a96e7fd3,94.79685316063842,88.0,SPY,563857.9155567399
5,T3_STOCK_US_LARGE_CAP,100.0,2018-05-11T22:55:02.972Z,SPDR S&P 500 ETF Trust,,bcb44d11-1d96-4a20-a339-962f7bbd33ef,16.099715685523684,81.0,SPY,342180.6092298771
5,T3_STOCK_US_LARGE_CAP,100.0,2018-05-11T22:55:02.972Z,SPDR S&P 500 ETF Trust,,2b1dd026-bf80-4ae9-9ebd-9ff36251abda,216.65243285989786,82.0,SPY,885419.9583973899
5,T3_STOCK_US_LARGE_CAP,100.0,2018-05-11T22:55:02.972Z,SPDR S&P 500 ETF Trust,,69391fd7-09eb-430c-912e-9e88a1d5900c,329.3275282841622,65.0,SPY,251393.11436474865
5,T3_STOCK_US_LARGE_CAP,100.0,2018-05-11T22:55:02.978Z,SPDR S&P 500 ETF Trust,,833aca64-894e-4094-a728-160eb80937d5,261.3665943786674,68.0,SPY,887089.2138538018
5,T3_STOCK_US_LARGE_CAP,100.0,2018-05-11T22:55:02.978Z,SPDR S&P 500 ETF Trust,,10538b50-27cc-40cc-84f7-1cf50eaee32b,238.86907824705176,27.0,SPY,565004.346371034
5,T3_STOCK_US_LARGE_CAP,100.0,2018-05-11T22:55:02.978Z,SPDR S&P 500 ETF Trust,,60d7c400-9ddf-463d-a729-023d73189f23,386.2316737989213,76.0,SPY,269300.9067996971
5,T3_STOCK_US_LARGE_CAP,100.0,2018-05-11T22:55:02.978Z,SPDR S&P 500 ETF Trust,,c90f7f87-732e-4e0f-b62e-f90d367cc857,120.93383433558836,96.0,SPY,237855.34525853535
5,T3_STOCK_US_LARGE_CAP,100.0,2018-05-11T22:55:02.985Z,SPDR S&P 500 ETF Trust,,427025ba-bd2b-49c5-b9df-6f4b18123cf6,225.57839771667662,95.0,SPY,774508.8482890008
5,T3_STOCK_US_LARGE_CAP,100.0,2018-05-11T22:55:02.985Z,SPDR S&P 500 ETF Trust,,b0aa43c5-000c-4ad1-aab5-3d0e0948432a,29.749005271469464,11.0,SPY,735708.7925555973
5,T3_STOCK_US_LARGE_CAP,100.0,2018-05-11T22:55:02.985Z,SPDR S&P 500 ETF Trust,,e9bfc627-720f-445b-8783-547b7b9277ef,12.531848041667493,62.0,SPY,331318.58834214066
5,T3_STOCK_US_LARGE_CAP,100.0,2018-05-11T22:55:02.985Z,SPDR S&P 500 ETF Trust,,4bf8e6c4-f817-4b36-995f-6ae171afc6c9,154.50924417744164,42.0,SPY,502633.13001263386
5,T3_STOCK_US_LARGE_CAP,100.0,2018-05-11T22:55:02.990Z,SPDR S&P 500 ETF Trust,,6e217d7c-78a8-444b-9c61-752760741096,378.1325406273636,21.0,SPY,4238.36537423894
5,T3_STOCK_US_LARGE_CAP,100.0,2018-05-11T22:55:02.990Z,SPDR S&P 500 ETF Trust,,5bd93038-871f-493a-9d08-aa7c3ccf3244,200.03983979869093,80.0,SPY,820957.6377053171
5,T3_STOCK_US_LARGE_CAP,100.0,2018-05-11T22:55:02.990Z,SPDR S&P 500 ETF Trust,,19101a6d-1b63-4a53-b657-693a52f8305d,387.43019366926734,81.0,SPY,431813.89617608266
5,T3_STOCK_US_LARGE_CAP,100.0,2018-05-11T22:55:02.990Z,SPDR S&P 500 ETF Trust,,16c5c51b-764e-4c0f-bfc6-fcf5cfc15c93,237.16439437812778,91.0,SPY,783520.9177982904
5,T3_STOCK_US_LARGE_CAP,100.0,2018-05-11T22:55:02.995Z,SPDR S&P 500 ETF Trust,,74587504-c991-4ba4-b0af-3f61df56d176,185.55962936434435,59.0,SPY,727273.8807368982
5,T3_STOCK_US_LARGE_CAP,100.0,2018-05-11T22:55:02.995Z,SPDR S&P 500 ETF Trust,,dac5675b-c37f-42c0-8667-71f364043dbb,174.6116396447092,20.0,SPY,631855.7713250186
5,T3_STOCK_US_LARGE_CAP,100.0,2018-05-11T22:55:02.995Z,SPDR S&P 500 ETF Trust,,f18f8ccf-c4bd-4aa3-ae35-59686b244793,85.30492661458253,33.0,SPY,881906.3312968736
5,T3_STOCK_US_LARGE_CAP,100.0,2018-05-11T22:55:02.995Z,SPDR S&P 500 ETF Trust,,3b8f6107-c611-4fcd-94e4-913b2798e0b0,203.1590447049623,42.0,SPY,560486.674664895
5,T3_STOCK_US_LARGE_CAP,100.0,2018-05-11T22:55:03.001Z,SPDR S&P 500 ETF Trust,,2e1d6db9-d807-46ab-8194-8b117bb1651a,249.255404607365,38.0,SPY,62530.948781536754
5,T3_STOCK_US_LARGE_CAP,100.0,2018-05-11T22:55:03.001Z,SPDR S&P 500 ETF Trust,,8f68b792-2028-4bd3-8804-15137d6d3982,35.72343804862514,8.0,SPY,42283.16593323034
5,T3_STOCK_US_LARGE_CAP,100.0,2018-05-11T22:55:03.001Z,SPDR S&P 500 ETF Trust,,a2d3aa43-6e5d-4de1-b673-1dfd99d61dc2,184.05425540742354,32.0,SPY,492468.7394056344
5,T3_STOCK_US_LARGE_CAP,100.0,2018-05-11T22:55:03.001Z,SPDR S&P 500 ETF Trust,,445e1124-dc0a-4493-8dde-0120470067ed,151.12234014008274,49.0,SPY,376867.8033461623
5,T3_STOCK_US_LARGE_CAP,100.0,2018-05-11T22:55:03.005Z,SPDR S&P 500 ETF Trust,,eddd6a2a-4c79-48c1-ab57-b85e11bc1cc2,256.5579342013136,17.0,SPY,945340.9799730537
5,T3_STOCK_US_LARGE_CAP,100.0,2018-05-11T22:55:03.005Z,SPDR S&P 500 ETF Trust,,2b6219fa-ba4b-4e43-afca-dc0bce0b70ae,296.3708250209044,93.0,SPY,517624.62778949883
5,T3_STOCK_US_LARGE_CAP,100.0,2018-05-11T22:55:03.005Z,SPDR S&P 500 ETF Trust,,fc3a5259-1ce0-4856-9191-34f9c5389612,328.7714671599693,57.0,SPY,834314.5849200224
5,T3_STOCK_US_LARGE_CAP,100.0,2018-05-11T22:55:03.005Z,SPDR S&P 500 ETF Trust,,fad28a99-e4b9-431b-940c-037aec2fba8e,339.9038417939052,75.0,SPY,758039.0628939924
5,T3_STOCK_US_LARGE_CAP,100.0,2018-05-11T22:55:03.010Z,SPDR S&P 500 ETF Trust,,64ee3b4f-2750-43c7-ac2b-771eeb6d7557,59.54520355049593,97.0,SPY,926751.546966242
5,T3_STOCK_US_LARGE_CAP,100.0,2018-05-11T22:55:03.010Z,SPDR S&P 500 ETF Trust,,9d869a02-a4f9-4ac7-a65f-fb660abae8ce,204.58023150463953,34.0,SPY,327317.89095719764
5,T3_STOCK_US_LARGE_CAP,100.0,2018-05-11T22:55:03.010Z,SPDR S&P 500 ETF Trust,,9b90b833-9309-4b4b-a417-abd8669ce554,249.26707362095618,93.0,SPY,519953.46898624516
5,T3_STOCK_US_LARGE_CAP,100.0,2018-05-11T22:55:03.010Z,SPDR S&P 500 ETF Trust,,304bb349-2bde-4e7b-9b1e-f07118629d52,136.38473152199816,26.0,SPY,506873.44951773336
5,T3_STOCK_US_LARGE_CAP,100.0,2018-05-11T22:55:03.015Z,SPDR S&P 500 ETF Trust,,21f83aa6-2ab7-469a-b657-c20876c104fe,187.43282587029358,77.0,SPY,220225.5287592576
5,T3_STOCK_US_LARGE_CAP,100.0,2018-05-11T22:55:03.016Z,SPDR S&P 500 ETF Trust,,a08e6b05-2a5e-484d-9b36-f1c89d5d02ba,358.6651495402909,17.0,SPY,834358.5122949928
5,T3_STOCK_US_LARGE_CAP,100.0,2018-05-11T22:55:03.016Z,SPDR S&P 500 ETF Trust,,00acf513-392a-44d9-be69-448e5f5233d5,151.8311209410613,94.0,SPY,273407.25240086595
5,T3_STOCK_US_LARGE_CAP,100.0,2018-05-11T22:55:03.016Z,SPDR S&P 500 ETF Trust,,fe2568a9-825a-4a4d-a673-7277360d2ae6,53.914184908627405,68.0,SPY,695833.9469767701
5,T3_STOCK_US_LARGE_CAP,100.0,2018-05-11T22:55:03.020Z,SPDR S&P 500 ETF Trust,,dcbe9b04-65b5-45fd-ad87-a578e18a7554,26.914814893317285,82.0,SPY,180450.45242233836
5,T3_STOCK_US_LARGE_CAP,100.0,2018-05-11T22:55:03.020Z,SPDR S&P 500 ETF Trust,,bbcdb50a-a107-4abc-80e1-830765b016b1,92.55188067858376,8.0,SPY,602957.9024115093
5,T3_STOCK_US_LARGE_CAP,100.0,2018-05-11T22:55:03.020Z,SPDR S&P 500 ETF Trust,,23b8cf99-3ee9-4db6-9477-8b2910bbaa4b,193.56842976672746,84.0,SPY,276759.8331291363
5,T3_STOCK_US_LARGE_CAP,100.0,2018-05-11T22:55:03.020Z,SPDR S&P 500 ETF Trust,,1782938d-c17a-4648-b642-de57029141a5,240.0917045488596,20.0,SPY,703416.5793805008
5,T3_STOCK_US_LARGE_CAP,100.0,2018-05-11T22:55:03.025Z,SPDR S&P 500 ETF Trust,,a055dbe6-443f-4879-ba74-17ef460edcc6,185.9563076861038,59.0,SPY,815430.756975787
5,T3_STOCK_US_LARGE_CAP,100.0,2018-05-11T22:55:03.025Z,SPDR S&P 500 ETF Trust,,6c343283-c15a-45bb-b464-b56424cf62e1,187.98622947490512,80.0,SPY,626389.4716972116
5,T3_STOCK_US_LARGE_CAP,100.0,2018-05-11T22:55:03.025Z,SPDR S&P 500 ETF Trust,,0a7c1f1c-b02d-4273-9031-f4b5aec28c57,124.71208047726327,90.0,SPY,170422.07149831057
5,T3_STOCK_US_LARGE_CAP,100.0,2018-05-11T22:55:03.025Z,SPDR S&P 500 ETF Trust,,776d1db2-7fd1-4336-8ca8-1a96e23de9ff,261.12802330977445,95.0,SPY,560142.8027622878
5,T3_STOCK_US_LARGE_CAP,100.0,2018-05-11T22:55:03.030Z,SPDR S&P 500 ETF Trust,,5404311e-6a87-4cdf-8330-12573fc33df4,171.10382247183398,15.0,SPY,244155.95909015796
5,T3_STOCK_US_LARGE_CAP,100.0,2018-05-11T22:55:03.030Z,SPDR S&P 500 ETF Trust,,ed326038-d1d1-4846-9a39-4713485bc7d1,48.06417792268114,85.0,SPY,196095.76794995542
5,T3_STOCK_US_LARGE_CAP,100.0,2018-05-11T22:55:03.030Z,SPDR S&P 500 ETF Trust,,d608c4a7-9d46-4647-9636-f3a8bdd66985,166.99278090132924,7.0,SPY,133963.6778161236
5,T3_STOCK_US_LARGE_CAP,100.0,2018-05-11T22:55:03.030Z,SPDR S&P 500 ETF Trust,,72dce3d0-0c82-4045-ac8f-ee36d07ac972,58.594601602715635,64.0,SPY,184261.71174227857
5,T3_STOCK_US_LARGE_CAP,100.0,2018-05-11T22:55:03.035Z,SPDR S&P 500 ETF Trust,,acf6df16-1444-4b98-90d4-d719e963e030,190.17693289837948,2.0,SPY,929874.6369817927
5,T3_STOCK_US_LARGE_CAP,100.0,2018-05-11T22:55:03.035Z,SPDR S&P 500 ETF Trust,,61c088fd-b9d7-40b4-89a9-9632c11a9c97,241.8195189968907,37.0,SPY,829038.8320775044
5,T3_STOCK_US_LARGE_CAP,100.0,2018-05-11T22:55:03.035Z,SPDR S&P 500 ETF Trust,,9429dc34-bce1-46aa-a0d9-6a1f963d5ac3,169.96208374282241,80.0,SPY,712176.0957139258
5,T3_STOCK_US_LARGE_CAP,100.0,2018-05-11T22:55:03.035Z,SPDR S&P 500 ETF Trust,,ebc735a9-3614-4d6e-a0a8-e48665ff2095,0.5448936980391839,14.0,SPY,501758.53173345374
5,T3_STOCK_US_LARGE_CAP,100.0,2018-05-11T22:55:03.040Z,SPDR S&P 500 ETF Trust,,c37d4547-44b5-4056-b1fb-a1a8a6164834,196.15873158034424,18.0,SPY,828082.2669912832
5,T3_STOCK_US_LARGE_CAP,100.0,2018-05-11T22:55:03.040Z,SPDR S&P 500 ETF Trust,,2a5e2688-482d-42d8-ad95-a6b72bc3e142,286.187931162122,36.0,SPY,265700.3156991744
5,T3_STOCK_US_LARGE_CAP,100.0,2018-05-11T22:55:03.040Z,SPDR S&P 500 ETF Trust,,5d26ad94-fced-4724-9b27-670dd9670d5f,239.50689161687993,46.0,SPY,462407.01732698694
5,T3_STOCK_US_LARGE_CAP,100.0,2018-05-11T22:55:03.040Z,SPDR S&P 500 ETF Trust,,7925fe3c-d8ef-41fb-b5b1-545030b09a25,139.30743989390217,44.0,SPY,721537.890242677
5,T3_STOCK_US_LARGE_CAP,100.0,2018-05-11T22:55:03.045Z,SPDR S&P 500 ETF Trust,,fa5efa88-0623-4471-b693-a76029d5c0de,191.86680166968566,24.0,SPY,510552.05936309276
5,T3_STOCK_US_LARGE_CAP,100.0,2018-05-11T22:55:03.045Z,SPDR S&P 500 ETF Trust,,4bac03cc-d720-4fe4-b36c-47bb0eadce3b,120.19514549986106,71.0,SPY,632036.0700150317
5,T3_STOCK_US_LARGE_CAP,100.0,2018-05-11T22:55:03.045Z,SPDR S&P 500 ETF Trust,,f08ad786-536b-4505-bcc3-44527c55f6ba,38.12172465012611,12.0,SPY,953867.7146371745
5,T3_STOCK_US_LARGE_CAP,100.0,2018-05-11T22:55:03.045Z,SPDR S&P 500 ETF Trust,,db937523-a749-41e3-8f85-c81cfe1eec8a,1.712442423283722,15.0,SPY,426747.30840040796
5,T3_STOCK_US_LARGE_CAP,100.0,2018-05-11T22:55:03.051Z,SPDR S&P 500 ETF Trust,,1f5c718e-5b8f-483a-ad7c-0208efdb1f2e,249.7502964748554,93.0,SPY,182666.7563677995
5,T3_STOCK_US_LARGE_CAP,100.0,2018-05-11T22:55:03.051Z,SPDR S&P 500 ETF Trust,,17a22e97-4287-4db3-a2ce-bc0841c4e091,114.85390030376585,28.0,SPY,753691.3970766932
5,T3_STOCK_US_LARGE_CAP,100.0,2018-05-11T22:55:03.051Z,SPDR S&P 500 ETF Trust,,cd5ad070-d6d4-4838-b69c-64461e76b9cd,259.52528557511397,60.0,SPY,357986.9336289474
5,T3_STOCK_US_LARGE_CAP,100.0,2018-05-11T22:55:03.051Z,SPDR S&P 500 ETF Trust,,13d968aa-936a-4b46-94aa-e59c18b8a3d3,377.187002530185,90.0,SPY,947410.7174851849
5,T3_STOCK_US_LARGE_CAP,100.0,2018-05-11T22:55:03.056Z,SPDR S&P 500 ETF Trust,,1da2b1ad-29cd-4225-8cc9-f5bf96fceda9,369.34066611805633,69.0,SPY,120726.80378087863
5,T3_STOCK_US_LARGE_CAP,100.0,2018-05-11T22:55:03.056Z,SPDR S&P 500 ETF Trust,,0d35e447-7a4a-4768-b511-2f62c8f7bf31,156.92442006625234,14.0,SPY,713222.0455572193
5,T3_STOCK_US_LARGE_CAP,100.0,2018-05-11T22:55:03.056Z,SPDR S&P 500 ETF Trust,,9a78fbce-57ee-49ca-9d61-19719bf98c47,84.64366028377003,12.0,SPY,686850.7000661072
5,T3_STOCK_US_LARGE_CAP,100.0,2018-05-11T22:55:03.056Z,SPDR S&P 500 ETF Trust,,28b1af36-74e6-4e1f-b347-75e3e7eea8b0,272.2510105670927,70.0,SPY,332121.10493874334
5,T3_STOCK_US_LARGE_CAP,100.0,2018-05-11T22:55:03.061Z,SPDR S&P 500 ETF Trust,,71fd17d5-78f6-444a-ba7e-479d96be710e,195.06029951635665,56.0,SPY,349685.6954577694
5,T3_STOCK_US_LARGE_CAP,100.0,2018-05-11T22:55:03.061Z,SPDR S&P 500 ETF Trust,,47bebf8d-94b8-4bd4-b875-52c2df86d3bb,61.86026534361808,97.0,SPY,777598.1056396248
5,T3_STOCK_US_LARGE_CAP,100.0,2018-05-11T22:55:03.061Z,SPDR S&P 500 ETF Trust,,c5e81157-782e-40b2-be17-eb59fbf4ff0d,159.3539234106692,26.0,SPY,666213.1400733996
5,T3_STOCK_US_LARGE_CAP,100.0,2018-05-11T22:55:03.061Z,SPDR S&P 500 ETF Trust,,f7d4bbfc-dc17-465b-993a-08b681117408,219.1958662840441,95.0,SPY,997422.6866526834
5,T3_STOCK_US_LARGE_CAP,100.0,2018-05-11T22:55:03.067Z,SPDR S&P 500 ETF Trust,,09077df0-a5df-4798-a4ae-e8a15128fe98,58.96547511447916,25.0,SPY,979069.9547555994
5,T3_STOCK_US_LARGE_CAP,100.0,2018-05-11T22:55:03.067Z,SPDR S&P 500 ETF Trust,,44337b49-0fa3-42b6-b1d8-94536183ecb2,108.55554939169707,60.0,SPY,404221.3866195866
5,T3_STOCK_US_LARGE_CAP,100.0,2018-05-11T22:55:03.067Z,SPDR S&P 500 ETF Trust,,85e18909-6bd5-4e10-bbe7-19f169ae4dea,121.56232890711914,65.0,SPY,743631.668005584
5,T3_STOCK_US_LARGE_CAP,100.0,2018-05-11T22:55:03.067Z,SPDR S&P 500 ETF Trust,,a415dc33-775f-4331-acfd-cbba0b48660b,278.3541088155549,24.0,SPY,796051.3797389277
5,T3_STOCK_US_LARGE_CAP,100.0,2018-05-11T22:55:03.071Z,SPDR S&P 500 ETF Trust,,fdd7e5f3-71ff-414b-9a8f-2a0cd39191af,367.7087265363707,80.0,SPY,650849.4419719954
5,T3_STOCK_US_LARGE_CAP,100.0,2018-05-11T22:55:03.071Z,SPDR S&P 500 ETF Trust,,6b866c34-bfee-4590-951e-ab04db7957fd,301.02337727116725,96.0,SPY,801566.5074056634
5,T3_STOCK_US_LARGE_CAP,100.0,2018-05-11T22:55:03.071Z,SPDR S&P 500 ETF Trust,,49ffa29f-3467-4b6d-a768-c889a3b3f93b,46.07011869897808,4.0,SPY,85499.83039875231
5,T3_STOCK_US_LARGE_CAP,100.0,2018-05-11T22:55:03.071Z,SPDR S&P 500 ETF Trust,,d1049dfe-0290-46da-95ad-3672ddc40e4f,209.4712511689842,94.0,SPY,51479.76621842576
5,T3_STOCK_US_LARGE_CAP,100.0,2018-05-11T22:55:03.076Z,SPDR S&P 500 ETF Trust,,f8a7e81a-536b-43e6-848e-15b41ab42864,346.61506919528284,34.0,SPY,823495.5252519653
5,T3_STOCK_US_LARGE_CAP,100.0,2018-05-11T22:55:03.076Z,SPDR S&P 500 ETF Trust,,e4d11bde-ab2f-46d4-aa2c-7d7cfb8928e9,14.693206326428454,71.0,SPY,244334.57606947873
5,T3_STOCK_US_LARGE_CAP,100.0,2018-05-11T22:55:03.076Z,SPDR S&P 500 ETF Trust,,58ae9717-2a26-466b-b2e3-ac198c11f8c4,184.73634673469434,61.0,SPY,881413.0984740809
5,T3_STOCK_US_LARGE_CAP,100.0,2018-05-11T22:55:03.076Z,SPDR S&P 500 ETF Trust,,8c299869-3c48-47d2-b3e0-49a47be3b567,213.3661267567674,91.0,SPY,92507.67628301715
5,T3_STOCK_US_LARGE_CAP,100.0,2018-05-11T22:55:03.081Z,SPDR S&P 500 ETF Trust,,cb5b269e-bd2b-4679-adc6-a6c819af06ea,374.2209660823488,39.0,SPY,136897.31418718575
5,T3_STOCK_US_LARGE_CAP,100.0,2018-05-11T22:55:03.081Z,SPDR S&P 500 ETF Trust,,8a4352e3-58e9-4d5d-95a1-5c8cd185ef05,313.2322638394396,87.0,SPY,587142.850082273
5,T3_STOCK_US_LARGE_CAP,100.0,2018-05-11T22:55:03.081Z,SPDR S&P 500 ETF Trust,,0be52e2c-270b-4501-9a04-c9d09261e76c,7.552894746528915,16.0,SPY,275786.880247477
5,T3_STOCK_US_LARGE_CAP,100.0,2018-05-11T22:55:03.081Z,SPDR S&P 500 ETF Trust,,1aaa03f0-1031-4484-bf50-09fc8cb94a5d,63.0565743446271,90.0,SPY,297980.5337945465
5,T3_STOCK_US_LARGE_CAP,100.0,2018-05-11T22:55:03.086Z,SPDR S&P 500 ETF Trust,,74e0a608-a2a5-4c1a-8140-e24f2efad993,190.99632640326848,85.0,SPY,461028.19652252615
5,T3_STOCK_US_LARGE_CAP,100.0,2018-05-11T22:55:03.086Z,SPDR S&P 500 ETF Trust,,67f03d99-1fdd-4464-99ba-b68e35b90e46,397.2422281439989,88.0,SPY,949063.6230063738
5,T3_STOCK_US_LARGE_CAP,100.0,2018-05-11T22:55:03.086Z,SPDR S&P 500 ETF Trust,,ed0eb2aa-f30a-4477-a8cb-44cac7ddffe8,371.50650440837626,9.0,SPY,651560.7175645028
5,T3_STOCK_US_LARGE_CAP,100.0,2018-05-11T22:55:03.086Z,SPDR S&P 500 ETF Trust,,37d584c5-c6aa-4e8c-82ca-d384e93a2d1f,271.72627198425045,5.0,SPY,660677.2948096851
5,T3_STOCK_US_LARGE_CAP,100.0,2018-05-11T22:55:03.090Z,SPDR S&P 500 ETF Trust,,c50df649-4b03-4bf1-b99d-46e50cbd2813,59.30629264971299,49.0,SPY,643647.0198565199
5,T3_STOCK_US_LARGE_CAP,100.0,2018-05-11T22:55:03.090Z,SPDR S&P 500 ETF Trust,,00c28cc5-99c2-4228-a06f-84a57bebef04,3.4534450870576716,48.0,SPY,397063.8409034668
5,T3_STOCK_US_LARGE_CAP,100.0,2018-05-11T22:55:03.090Z,SPDR S&P 500 ETF Trust,,bcf85452-57ae-48d0-99eb-460e47c39635,53.04641746238046,43.0,SPY,333140.8934796446
5,T3_STOCK_US_LARGE_CAP,100.0,2018-05-11T22:55:03.090Z,SPDR S&P 500 ETF Trust,,bb10103b-ef73-400d-b4c5-ce41ea9a01fb,114.53234156263883,15.0,SPY,390534.26605855103
5,T3_STOCK_US_LARGE_CAP,100.0,2018-05-11T22:55:03.095Z,SPDR S&P 500 ETF Trust,,df014993-e12a-44de-9a3d-2b8b58429890,5.2584081199340105,2.0,SPY,735037.303142728
5,T3_STOCK_US_LARGE_CAP,100.0,2018-05-11T22:55:03.095Z,SPDR S&P 500 ETF Trust,,93b4c4d7-3b0b-41c6-ba8d-2bf6504e3483,19.061605301611362,51.0,SPY,691424.2591173304
5,T3_STOCK_US_LARGE_CAP,100.0,2018-05-11T22:55:03.095Z,SPDR S&P 500 ETF Trust,,8e7bb60f-5af1-41da-b156-d67e5226646d,206.91641055396275,95.0,SPY,987328.2842869305
5,T3_STOCK_US_LARGE_CAP,100.0,2018-05-11T22:55:03.095Z,SPDR S&P 500 ETF Trust,,839e7d32-69ac-4936-9b60-14bdd8a91935,25.98322049584416,21.0,SPY,914926.1963917065
5,T3_STOCK_US_LARGE_CAP,100.0,2018-05-11T22:55:03.099Z,SPDR S&P 500 ETF Trust,,3e417db7-0c66-4f3b-ba1a-10ef2a923415,122.43721373988295,25.0,SPY,525682.3457540533
5,T3_STOCK_US_LARGE_CAP,100.0,2018-05-11T22:55:03.099Z,SPDR S&P 500 ETF Trust,,d99a4fc1-cff3-4191-a5bd-91643be16647,264.2227310579337,4.0,SPY,462826.0479611118
5,T3_STOCK_US_LARGE_CAP,100.0,2018-05-11T22:55:03.099Z,SPDR S&P 500 ETF Trust,,7613a927-c67e-419d-8df6-1a0e8774e366,328.97234125833836,64.0,SPY,244194.2467197049
5,T3_STOCK_US_LARGE_CAP,100.0,2018-05-11T22:55:03.099Z,SPDR S&P 500 ETF Trust,,0786577b-e4ae-4c88-a385-e774c0350b34,23.534879218451277,29.0,SPY,66631.54399067772
5,T3_STOCK_US_LARGE_CAP,100.0,2018-05-11T22:55:03.104Z,SPDR S&P 500 ETF Trust,,b9d8d568-9d88-413c-9fa1-8629adeff852,332.92324343451367,74.0,SPY,869873.4383361759
5,T3_STOCK_US_LARGE_CAP,100.0,2018-05-11T22:55:03.104Z,SPDR S&P 500 ETF Trust,,d91478b2-efc1-43e6-a57e-381df56790bd,311.40131790724075,86.0,SPY,221611.74654427083
5,T3_STOCK_US_LARGE_CAP,100.0,2018-05-11T22:55:03.104Z,SPDR S&P 500 ETF Trust,,d6806ca5-b213-4ab9-ae71-147f46925501,338.05628097942247,41.0,SPY,541066.3270414859
5,T3_STOCK_US_LARGE_CAP,100.0,2018-05-11T22:55:03.104Z,SPDR S&P 500 ETF Trust,,79ff4f1e-8438-4117-b98b-920a208295ad,157.68082781596183,81.0,SPY,54253.78325094643
5,T3_STOCK_US_LARGE_CAP,100.0,2018-05-11T22:55:03.109Z,SPDR S&P 500 ETF Trust,,ffe02798-aa04-4117-a796-476ae59e3e64,151.8365188384454,30.0,SPY,454986.6372136375
5,T3_STOCK_US_LARGE_CAP,100.0,2018-05-11T22:55:03.109Z,SPDR S&P 500 ETF Trust,,90110d27-4fa0-4bdd-94c1-eb56e3d773d3,172.43282243658365,61.0,SPY,541995.6210309953
5,T3_STOCK_US_LARGE_CAP,100.0,2018-05-11T22:55:03.109Z,SPDR S&P 500 ETF Trust,,ca6f4c02-47df-45b3-8052-63849a0c3da2,393.1584888199883,60.0,SPY,366993.36623132497
5,T3_STOCK_US_LARGE_CAP,100.0,2018-05-11T22:55:03.109Z,SPDR S&P 500 ETF Trust,,4e5ec66d-5824-4248-ba7f-66e41a0ef4eb,12.054791110863272,14.0,SPY,184183.97125572673
5,T3_STOCK_US_LARGE_CAP,100.0,2018-05-11T22:55:03.113Z,SPDR S&P 500 ETF Trust,,60e6d1d1-3e6e-40f0-a9a2-43f68a577855,76.52218814358784,51.0,SPY,389764.5108958292
5,T3_STOCK_US_LARGE_CAP,100.0,2018-05-11T22:55:03.113Z,SPDR S&P 500 ETF Trust,,fbd7cba0-cc0b-4da6-87bd-7ecf60471401,237.54700715944622,27.0,SPY,765905.0705868241
5,T3_STOCK_US_LARGE_CAP,100.0,2018-05-11T22:55:03.113Z,SPDR S&P 500 ETF Trust,,9c543fda-9602-4e9b-994a-c751872eb95a,190.69281681993027,10.0,SPY,443136.3354671751
5,T3_STOCK_US_LARGE_CAP,100.0,2018-05-11T22:55:03.113Z,SPDR S&P 500 ETF Trust,,9163995d-e2d4-4606-b3bd-06a29a3f2157,189.3951213449244,26.0,SPY,122146.4445485444
5,T3_STOCK_US_LARGE_CAP,100.0,2018-05-11T22:55:03.119Z,SPDR S&P 500 ETF Trust,,87b2a586-3654-41be-af39-c61037b5c07a,74.19901413162364,45.0,SPY,850574.5539443447
5,T3_STOCK_US_LARGE_CAP,100.0,2018-05-11T22:55:03.119Z,SPDR S&P 500 ETF Trust,,365b629f-215c-4916-bec4-22c99ca18b43,278.1081714300754,92.0,SPY,899097.1784079989
5,T3_STOCK_US_LARGE_CAP,100.0,2018-05-11T22:55:03.119Z,SPDR S&P 500 ETF Trust,,685f346e-a9fc-470c-9131-5ef440df675e,39.92390703167072,48.0,SPY,35520.675611727005
5,T3_STOCK_US_LARGE_CAP,100.0,2018-05-11T22:55:03.119Z,SPDR S&P 500 ETF Trust,,dcf4e8e5-7aed-4e4e-ab9e-ffe79fc53be9,344.88897147510033,9.0,SPY,638822.3097471673
5,T3_STOCK_US_LARGE_CAP,100.0,2018-05-11T22:55:03.123Z,SPDR S&P 500 ETF Trust,,cd25f0e6-fcd2-4769-ad5a-8d4ba630685f,396.218001337214,31.0,SPY,906304.8515387415
5,T3_STOCK_US_LARGE_CAP,100.0,2018-05-11T22:55:03.123Z,SPDR S&P 500 ETF Trust,,3f4cb593-343f-4e04-bc00-6553f3149082,76.76751815704432,8.0,SPY,709266.5340846858
5,T3_STOCK_US_LARGE_CAP,100.0,2018-05-11T22:55:03.123Z,SPDR S&P 500 ETF Trust,,88a6136e-5c39-4f22-970b-db7ad93f613d,111.46732634304671,94.0,SPY,209137.9358603336
5,T3_STOCK_US_LARGE_CAP,100.0,2018-05-11T22:55:03.123Z,SPDR S&P 500 ETF Trust,,66ffcff3-2393-43bb-a27c-756616f950e3,132.01958411073403,87.0,SPY,907552.377221904
5,T3_STOCK_US_LARGE_CAP,100.0,2018-05-11T22:55:03.128Z,SPDR S&P 500 ETF Trust,,4520ed1d-f6db-4d62-93d5-8fbb6e17255a,155.75067556880876,51.0,SPY,343893.4968416104
5,T3_STOCK_US_LARGE_CAP,100.0,2018-05-11T22:55:03.128Z,SPDR S&P 500 ETF Trust,,21cea9e0-0984-4b85-bb27-606f1225b598,46.429759569778724,5.0,SPY,112649.96203954758
5,T3_STOCK_US_LARGE_CAP,100.0,2018-05-11T22:55:03.128Z,SPDR S&P 500 ETF Trust,,406adf3f-79fb-47bb-a64f-756441d66ecb,46.507767757614005,74.0,SPY,820430.8705231625
5,T3_STOCK_US_LARGE_CAP,100.0,2018-05-11T22:55:03.128Z,SPDR S&P 500 ETF Trust,,94a35108-bd2f-4534-988e-1096b81e5272,337.2598173322833,52.0,SPY,39153.63741529676
5,T3_STOCK_US_LARGE_CAP,100.0,2018-05-11T22:55:03.136Z,SPDR S&P 500 ETF Trust,,3f596409-0179-436b-b2aa-68bd4064f914,221.21145253717322,34.0,SPY,332669.0121383456
5,T3_STOCK_US_LARGE_CAP,100.0,2018-05-11T22:55:03.136Z,SPDR S&P 500 ETF Trust,,8fd408c8-7613-4a6a-b74f-2f27b993ed44,133.65198830988248,94.0,SPY,716395.997418216
5,T3_STOCK_US_LARGE_CAP,100.0,2018-05-11T22:55:03.136Z,SPDR S&P 500 ETF Trust,,1fdd3a4c-2276-474c-be91-6970e2da78c1,30.157550481673525,66.0,SPY,14247.667650600815
5,T3_STOCK_US_LARGE_CAP,100.0,2018-05-11T22:55:03.136Z,SPDR S&P 500 ETF Trust,,d2149c5b-cdda-4792-9195-076b9d9252da,181.7523031952058,0.0,SPY,772607.2888302233
5,T3_STOCK_US_LARGE_CAP,100.0,2018-05-11T22:55:03.140Z,SPDR S&P 500 ETF Trust,,85ec8b8a-80c0-4293-9c18-814c283ef881,155.28226666535377,36.0,SPY,59433.42162619214
5,T3_STOCK_US_LARGE_CAP,100.0,2018-05-11T22:55:03.140Z,SPDR S&P 500 ETF Trust,,59353121-29ff-4b93-81f4-c3ecf6e57943,208.8601899189633,80.0,SPY,311789.6409902233
5,T3_STOCK_US_LARGE_CAP,100.0,2018-05-11T22:55:03.140Z,SPDR S&P 500 ETF Trust,,7afe5f3f-ceb0-40f5-a324-b9bd70816218,216.3538812541101,67.0,SPY,143126.9431753085
5,T3_STOCK_US_LARGE_CAP,100.0,2018-05-11T22:55:03.140Z,SPDR S&P 500 ETF Trust,,8213c7fb-1547-4798-b69c-08b7e432ccc7,81.23980326647992,63.0,SPY,428864.03153888887
5,T3_STOCK_US_LARGE_CAP,100.0,2018-05-11T22:55:03.145Z,SPDR S&P 500 ETF Trust,,1a4eebd7-b7f9-4cbe-85be-f308fd70bf5e,345.2067378778624,31.0,SPY,521589.0137841783
5,T3_STOCK_US_LARGE_CAP,100.0,2018-05-11T22:55:03.145Z,SPDR S&P 500 ETF Trust,,f79c88b9-36e3-4b30-8179-9fc2d8f6851f,5.1889306359792275,51.0,SPY,449635.32277090655
5,T3_STOCK_US_LARGE_CAP,100.0,2018-05-11T22:55:03.145Z,SPDR S&P 500 ETF Trust,,a87cceb0-dd3c-402f-b60f-d8237cdb4501,83.63539012152317,9.0,SPY,711004.2595421495
5,T3_STOCK_US_LARGE_CAP,100.0,2018-05-11T22:55:03.145Z,SPDR S&P 500 ETF Trust,,a6c6ba2a-9608-444a-aea4-dba50cef4419,214.58864199234117,96.0,SPY,378089.92069418024
5,T3_STOCK_US_LARGE_CAP,100.0,2018-05-11T22:55:03.150Z,SPDR S&P 500 ETF Trust,,567001ed-1c95-4c19-8702-ee26d7d3bf82,399.5410208955174,15.0,SPY,604704.3259181447
5,T3_STOCK_US_LARGE_CAP,100.0,2018-05-11T22:55:03.150Z,SPDR S&P 500 ETF Trust,,ec88d958-ff34-45e0-9983-fdb0ed67f653,333.401640159408,33.0,SPY,303340.45410783985
5,T3_STOCK_US_LARGE_CAP,100.0,2018-05-11T22:55:03.150Z,SPDR S&P 500 ETF Trust,,1701ab2d-1eb8-4146-95cc-31544ac1ca05,341.2185239847372,46.0,SPY,7047.76713436861
5,T3_STOCK_US_LARGE_CAP,100.0,2018-05-11T22:55:03.150Z,SPDR S&P 500 ETF Trust,,a8d9699e-7acd-4b48-88f1-47910a02d872,330.30795990681304,64.0,SPY,996778.1361671047
5,T3_STOCK_US_LARGE_CAP,100.0,2018-05-11T22:55:03.155Z,SPDR S&P 500 ETF Trust,,fa4d21ba-d149-4eb3-964a-f777b147047e,151.21593730450348,51.0,SPY,900066.1179807538
5,T3_STOCK_US_LARGE_CAP,100.0,2018-05-11T22:55:03.155Z,SPDR S&P 500 ETF Trust,,4705f206-8dcf-4126-82f7-ca588c23bd7c,129.68348461543536,70.0,SPY,243812.08271296605
5,T3_STOCK_US_LARGE_CAP,100.0,2018-05-11T22:55:03.155Z,SPDR S&P 500 ETF Trust,,f9ef1873-ee71-4c53-b542-9c5307561c85,26.290345195391218,61.0,SPY,470418.30159195117
5,T3_STOCK_US_LARGE_CAP,100.0,2018-05-11T22:55:03.155Z,SPDR S&P 500 ETF Trust,,aa4ec4bb-9638-41f7-b22f-6e06d0126c2e,128.16920971536683,2.0,SPY,866854.3630329574
5,T3_STOCK_US_LARGE_CAP,100.0,2018-05-11T22:55:03.161Z,SPDR S&P 500 ETF Trust,,3f3bcaa2-cf33-49a9-8cf7-8bc608d0ba7a,259.02546586121645,1.0,SPY,300736.50109768903
5,T3_STOCK_US_LARGE_CAP,100.0,2018-05-11T22:55:03.161Z,SPDR S&P 500 ETF Trust,,3c0bc74f-709d-4ea6-af43-844548b44a2e,211.62490725387798,45.0,SPY,291721.655372294
5,T3_STOCK_US_LARGE_CAP,100.0,2018-05-11T22:55:03.162Z,SPDR S&P 500 ETF Trust,,b5fb193c-87eb-4e51-84c1-cc432eb18bb2,162.65795007322671,45.0,SPY,829921.2831410674
5,T3_STOCK_US_LARGE_CAP,100.0,2018-05-11T22:55:03.162Z,SPDR S&P 500 ETF Trust,,6293e037-48ea-4760-bfa4-3d5e0f7a6dbf,280.44487754257534,8.0,SPY,555042.0183426534
5,T3_STOCK_US_LARGE_CAP,100.0,2018-05-11T22:55:03.167Z,SPDR S&P 500 ETF Trust,,1f962dd3-d708-4cb7-95fd-0f01bf319877,79.35032585102198,20.0,SPY,551781.8239744914
5,T3_STOCK_US_LARGE_CAP,100.0,2018-05-11T22:55:03.167Z,SPDR S&P 500 ETF Trust,,6363ae6f-040a-4b4d-977b-cf43f0d59d9b,212.28273818803913,41.0,SPY,670717.5220063984
5,T3_STOCK_US_LARGE_CAP,100.0,2018-05-11T22:55:03.167Z,SPDR S&P 500 ETF Trust,,62837d0a-deb6-4d6d-99f3-cff6c311ca2a,197.15483206418628,3.0,SPY,159625.92669612952
5,T3_STOCK_US_LARGE_CAP,100.0,2018-05-11T22:55:03.167Z,SPDR S&P 500 ETF Trust,,1c8bc1f4-77e0-4f31-aa73-3b9a1bf8b1ec,323.5285486266224,12.0,SPY,273.1865911047571
5,T3_STOCK_US_LARGE_CAP,100.0,2018-05-11T22:55:03.171Z,SPDR S&P 500 ETF Trust,,c75ac0d5-f2bb-4771-aa58-d38c383eff3e,137.25773112855015,14.0,SPY,953886.5169522051
5,T3_STOCK_US_LARGE_CAP,100.0,2018-05-11T22:55:03.171Z,SPDR S&P 500 ETF Trust,,396f9483-de73-4b8b-a3b3-541b3c7ae77c,161.2137289881792,76.0,SPY,700350.6411247415
5,T3_STOCK_US_LARGE_CAP,100.0,2018-05-11T22:55:03.171Z,SPDR S&P 500 ETF Trust,,914a6b8b-b7bf-4b30-8b2f-d294efd69309,211.1283566873394,32.0,SPY,312859.6529491311
5,T3_STOCK_US_LARGE_CAP,100.0,2018-05-11T22:55:03.171Z,SPDR S&P 500 ETF Trust,,38778ea3-1271-4777-af13-4db46973641c,54.22217954708026,16.0,SPY,490891.5822390261
5,T3_STOCK_US_LARGE_CAP,100.0,2018-05-11T22:55:03.176Z,SPDR S&P 500 ETF Trust,,aab63e79-921c-4e49-b04c-a4679c3269cb,369.05148324971503,1.0,SPY,996395.1923650191
5,T3_STOCK_US_LARGE_CAP,100.0,2018-05-11T22:55:03.176Z,SPDR S&P 500 ETF Trust,,f3ca863b-3179-4866-a8ee-4dcec5573e87,342.1874526502672,66.0,SPY,620405.6308720486
5,T3_STOCK_US_LARGE_CAP,100.0,2018-05-11T22:55:03.176Z,SPDR S&P 500 ETF Trust,,f2f7aa4b-6a55-41f6-acdf-b5d2ba595dc7,114.3415372802544,74.0,SPY,869358.7846794872
5,T3_STOCK_US_LARGE_CAP,100.0,2018-05-11T22:55:03.176Z,SPDR S&P 500 ETF Trust,,29f36ee0-2043-475d-87a4-90093c2237db,310.8380943609038,74.0,SPY,242760.5898146481
5,T3_STOCK_US_LARGE_CAP,100.0,2018-05-11T22:55:03.181Z,SPDR S&P 500 ETF Trust,,d31aa777-fc56-4619-8f2b-e4e1e1bce43e,294.7091488678792,91.0,SPY,60463.79200287455
5,T3_STOCK_US_LARGE_CAP,100.0,2018-05-11T22:55:03.181Z,SPDR S&P 500 ETF Trust,,28856d64-fbb7-416d-9ece-53108d6579d6,43.70407863248054,51.0,SPY,858031.2356670839
5,T3_STOCK_US_LARGE_CAP,100.0,2018-05-11T22:55:03.181Z,SPDR S&P 500 ETF Trust,,d7d64217-2709-4e8a-aa3f-16af78fbfff7,320.89707816443786,7.0,SPY,123759.50757646193
5,T3_STOCK_US_LARGE_CAP,100.0,2018-05-11T22:55:03.181Z,SPDR S&P 500 ETF Trust,,4b6b1421-2f3c-4424-a20f-fc4b41b05dc7,355.1900761262698,16.0,SPY,11547.96355333998
5,T3_STOCK_US_LARGE_CAP,100.0,2018-05-11T22:55:03.185Z,SPDR S&P 500 ETF Trust,,14adafdb-7c6e-4d4a-9170-0d8a90b910d6,35.78722921918187,71.0,SPY,954650.7316294718
5,T3_STOCK_US_LARGE_CAP,100.0,2018-05-11T22:55:03.185Z,SPDR S&P 500 ETF Trust,,582831e1-349b-4bf1-9a14-72c0d1897885,313.5229254490458,14.0,SPY,421981.58867501566
5,T3_STOCK_US_LARGE_CAP,100.0,2018-05-11T22:55:03.185Z,SPDR S&P 500 ETF Trust,,f75af9d4-4196-49ef-af8c-e3df9ad8cc17,121.51227018392893,40.0,SPY,911305.2674588095
5,T3_STOCK_US_LARGE_CAP,100.0,2018-05-11T22:55:03.185Z,SPDR S&P 500 ETF Trust,,320c6af2-a8cf-4d05-b052-fae01cccdb36,28.09081713444037,34.0,SPY,902576.5307053592
5,T3_STOCK_US_LARGE_CAP,100.0,2018-05-11T22:55:03.190Z,SPDR S&P 500 ETF Trust,,af8e9205-cd33-4c2d-a005-d62a50b42ea8,11.679635441770042,70.0,SPY,764132.7597688758
5,T3_STOCK_US_LARGE_CAP,100.0,2018-05-11T22:55:03.190Z,SPDR S&P 500 ETF Trust,,f915737f-76fe-4b27-b549-84d6ff262781,290.4407012045273,79.0,SPY,854101.7353386605
5,T3_STOCK_US_LARGE_CAP,100.0,2018-05-11T22:55:03.190Z,SPDR S&P 500 ETF Trust,,b156403f-377e-4a7a-9fe5-392b066a5805,0.673044172251025,6.0,SPY,888874.2874395021
5,T3_STOCK_US_LARGE_CAP,100.0,2018-05-11T22:55:03.190Z,SPDR S&P 500 ETF Trust,,399b015a-655a-4bfe-b061-2cfe5e75f19a,243.5900163341981,76.0,SPY,360305.52221599064
5,T3_STOCK_US_LARGE_CAP,100.0,2018-05-11T22:55:03.194Z,SPDR S&P 500 ETF Trust,,0ee4846a-2afb-4b48-8fd9-f5daffa9518b,149.15451464511497,36.0,SPY,943889.3978765666
5,T3_STOCK_US_LARGE_CAP,100.0,2018-05-11T22:55:03.194Z,SPDR S&P 500 ETF Trust,,f249e973-cee9-42ad-bf20-380bbd1a7aca,18.52677248464336,19.0,SPY,280243.8882158145
5,T3_STOCK_US_LARGE_CAP,100.0,2018-05-11T22:55:03.194Z,SPDR S&P 500 ETF Trust,,70ade8f5-de2f-47b1-921d-9612d4169b6b,24.020135226924566,86.0,SPY,112156.38215738289
5,T3_STOCK_US_LARGE_CAP,100.0,2018-05-11T22:55:03.194Z,SPDR S&P 500 ETF Trust,,470db612-3984-40cb-b751-899a7f891184,100.53755056486091,65.0,SPY,289320.4709155384
5,T3_STOCK_US_LARGE_CAP,100.0,2018-05-11T22:55:03.199Z,SPDR S&P 500 ETF Trust,,d90752d5-f228-4b8a-89bf-d2567de6f988,10.78465776527362,91.0,SPY,746920.1019654782
5,T3_STOCK_US_LARGE_CAP,100.0,2018-05-11T22:55:03.199Z,SPDR S&P 500 ETF Trust,,79db2406-eb89-414e-af7e-d229a1cddf55,214.35102822256894,4.0,SPY,731905.4869267828
5,T3_STOCK_US_LARGE_CAP,100.0,2018-05-11T22:55:03.199Z,SPDR S&P 500 ETF Trust,,496b0064-6d4b-4742-9deb-62663c9a797d,79.020332600059,29.0,SPY,641123.655493679
5,T3_STOCK_US_LARGE_CAP,100.0,2018-05-11T22:55:03.199Z,SPDR S&P 500 ETF Trust,,8e5bc093-152c-4273-b4ee-85a2f039ce5e,27.346999420903416,17.0,SPY,543637.0035090117
5,T3_STOCK_US_LARGE_CAP,100.0,2018-05-11T22:55:03.204Z,SPDR S&P 500 ETF Trust,,58c77e83-b0bd-4075-b93d-1d0b40d78f6c,38.42066820846468,44.0,SPY,97691.88262213046
5,T3_STOCK_US_LARGE_CAP,100.0,2018-05-11T22:55:03.204Z,SPDR S&P 500 ETF Trust,,d2799883-460c-4255-bed6-60195848aa36,337.6395589572175,38.0,SPY,401808.3303960254
5,T3_STOCK_US_LARGE_CAP,100.0,2018-05-11T22:55:03.204Z,SPDR S&P 500 ETF Trust,,2ffdeafc-a5e3-4c3a-bf80-fdeb14672e6d,335.4314051838832,53.0,SPY,34049.97364877005
5,T3_STOCK_US_LARGE_CAP,100.0,2018-05-11T22:55:03.204Z,SPDR S&P 500 ETF Trust,,46f76c2e-d236-4a4c-890e-093170b59f7a,18.509517874404402,39.0,SPY,893906.6509576773
5,T3_STOCK_US_LARGE_CAP,100.0,2018-05-11T22:55:03.209Z,SPDR S&P 500 ETF Trust,,185f99ae-d667-496c-8304-86dbc95d4e61,323.7368830692062,75.0,SPY,950815.8864733246
5,T3_STOCK_US_LARGE_CAP,100.0,2018-05-11T22:55:03.209Z,SPDR S&P 500 ETF Trust,,21dd7eb9-43be-4af8-938e-bb8cc4bbd472,266.0281604611724,60.0,SPY,874598.730966065
5,T3_STOCK_US_LARGE_CAP,100.0,2018-05-11T22:55:03.209Z,SPDR S&P 500 ETF Trust,,7ba36805-70b8-4420-bb4f-38fd87c25a3d,92.17316983052619,91.0,SPY,858296.4951135945
5,T3_STOCK_US_LARGE_CAP,100.0,2018-05-11T22:55:03.209Z,SPDR S&P 500 ETF Trust,,3dc08478-a1c3-4f70-9aba-c399436cb7f2,7.005888658300874,68.0,SPY,186048.64958076784
5,T3_STOCK_US_LARGE_CAP,100.0,2018-05-11T22:55:03.214Z,SPDR S&P 500 ETF Trust,,4441c79a-f0dc-498c-a33d-739c2c98105e,242.87530333685382,88.0,SPY,76654.26762946104
5,T3_STOCK_US_LARGE_CAP,100.0,2018-05-11T22:55:03.214Z,SPDR S&P 500 ETF Trust,,bded3bf4-67ca-4de4-b3db-9c2635597e12,101.95834456385096,93.0,SPY,188648.57501293387
5,T3_STOCK_US_LARGE_CAP,100.0,2018-05-11T22:55:03.214Z,SPDR S&P 500 ETF Trust,,63164d36-55b3-4c6e-8b74-45cd7fcd3a28,25.917396659361593,51.0,SPY,499667.1545713646
5,T3_STOCK_US_LARGE_CAP,100.0,2018-05-11T22:55:03.214Z,SPDR S&P 500 ETF Trust,,8e3c2a0f-f299-4a28-aa90-666fec527754,205.25112898690088,12.0,SPY,867598.7940214778
5,T3_STOCK_US_LARGE_CAP,100.0,2018-05-11T22:55:03.219Z,SPDR S&P 500 ETF Trust,,f42a3faa-c4ed-4c01-8a09-a9a274bd017c,369.5269052880841,40.0,SPY,99380.26680022449
5,T3_STOCK_US_LARGE_CAP,100.0,2018-05-11T22:55:03.219Z,SPDR S&P 500 ETF Trust,,c5952490-6a6d-4458-9c42-3cfa7fe58fce,281.1474758680859,80.0,SPY,136715.93542592108
5,T3_STOCK_US_LARGE_CAP,100.0,2018-05-11T22:55:03.219Z,SPDR S&P 500 ETF Trust,,6969664c-b4cc-4b60-bc5b-97058c0fac6e,148.02892389514108,11.0,SPY,508518.9108532087
5,T3_STOCK_US_LARGE_CAP,100.0,2018-05-11T22:55:03.219Z,SPDR S&P 500 ETF Trust,,5a11a756-59f1-45de-9458-339e3a20fa8a,108.59619778685624,19.0,SPY,836514.4694118735
5,T3_STOCK_US_LARGE_CAP,100.0,2018-05-11T22:55:03.223Z,SPDR S&P 500 ETF Trust,,ba0ee6e4-684d-4492-a4bb-e17d132de7b2,134.28491206982693,64.0,SPY,968488.6525392156
5,T3_STOCK_US_LARGE_CAP,100.0,2018-05-11T22:55:03.223Z,SPDR S&P 500 ETF Trust,,5bdb6d97-6538-4016-917e-f58ae4a6b306,201.2869958642189,67.0,SPY,679939.3337844433
5,T3_STOCK_US_LARGE_CAP,100.0,2018-05-11T22:55:03.223Z,SPDR S&P 500 ETF Trust,,c45d7348-c93b-40bc-a730-4a67f162158e,46.338294389771264,20.0,SPY,346929.24397965305
5,T3_STOCK_US_LARGE_CAP,100.0,2018-05-11T22:55:03.224Z,SPDR S&P 500 ETF Trust,,98c6fec3-2087-457f-a5b0-abb12f54ce90,273.99493926480375,43.0,SPY,433223.5605550894
